INSERT INTO Administrator (first_name,last_name,birth_date,email,username,password, role) VALUES ("George", "Rain","1965-12-15","georger@example.org", "georger","mdp", "administrator");



INSERT INTO Operators (first_name,last_name,birth_date,email,username,password, role, approved) VALUES ("Billy", "Sorb","1978-09-11","billys@example.org", "billys","mdp123", "operator", 1);
INSERT INTO Operators (first_name,last_name,birth_date,email,username,password, role, approved) VALUES ("Arthur", "Terbo","1970-05-10","arthurt@example.org", "arthurt","mdp456", "operator", 1);
INSERT INTO Operators (first_name,last_name,birth_date,email,username,password, role, approved) VALUES ("Anna", "Maro","1968-01-05","annam@example.org", "annam","mdp789", "operator", 1);



INSERT INTO Schools (name,address,city,phone_number,email,director_name,Administrator_id_admin,Operators_id_operators) VALUES ("Civil Engineering","81 Alice knoll","New Joseph","0191 4960215","stokesstephen@example.net","Mr Shane Jones","1","1");
INSERT INTO Schools (name,address,city,phone_number,email,director_name,Administrator_id_admin,Operators_id_operators) VALUES ("Chemical Engineering","82 Hart rue","Doyleberg","0292018508","katherine07@example.net","Geraldine Hall","1","2");
INSERT INTO Schools (name,address,city,phone_number,email,director_name,Administrator_id_admin,Operators_id_operators) VALUES ("Electrical and Computer Engineering","12 Valerie mount","East Clare","(0116)4960568","stevenmitchell@example.com","Ryan Owen","1","3");



INSERT INTO Roles (role) VALUES ("student");
INSERT INTO Roles (role) VALUES ("teacher");



INSERT INTO Users (first_name,last_name,birth_date,email,username,password,Roles_role,Schools_id_school,approved) VALUES ("Lauren", "Cox","1996-07-06","fburns@example.net", "LCox","W4Acq9GFz6Y1t9","student","2","1");
INSERT INTO Users (first_name,last_name,birth_date,email,username,password,Roles_role,Schools_id_school,approved) VALUES ("Bethany", "Gallagher","1999-09-22","smithangela@example.org", "BGallagher","L56nGisiWgNZq","student","3","1");
INSERT INTO Users (first_name,last_name,birth_date,email,username,password,Roles_role,Schools_id_school,approved) VALUES ("Lisa", "Mcclure","2000-01-29","moranvirginia@example.com", "LMcclure","tgUe52RvEJ","student","1","1");
INSERT INTO Users (first_name,last_name,birth_date,email,username,password,Roles_role,Schools_id_school,approved) VALUES ("Kathleen", "Nelson","1999-06-20","domingueztaylor@example.com", "KNelson","BuNO6n9JEC3Hq","student","1","1");
INSERT INTO Users (first_name,last_name,birth_date,email,username,password,Roles_role,Schools_id_school,approved) VALUES ("Annette", "Wilson","1993-09-01","marysmith@example.org", "AWilson","6afU1zT0YQOaNF03","student","2","1");
INSERT INTO Users (first_name,last_name,birth_date,email,username,password,Roles_role,Schools_id_school,approved) VALUES ("Jeffrey", "Wilson","1997-08-14","ghoffman@example.org", "JWilson","UuT3em6KopZ","student","1","1");
INSERT INTO Users (first_name,last_name,birth_date,email,username,password,Roles_role,Schools_id_school,approved) VALUES ("Ashley", "Chavez","2002-01-21","kevinpayne@example.com", "AChavez","Cffu4G7FgtJsThJv","student","3","1");
INSERT INTO Users (first_name,last_name,birth_date,email,username,password,Roles_role,Schools_id_school,approved) VALUES ("Andrew", "Bell","1998-01-26","thomas49@example.org", "ABell","9ZMJLsCfMZy","student","2","1");
INSERT INTO Users (first_name,last_name,birth_date,email,username,password,Roles_role,Schools_id_school,approved) VALUES ("Tammy", "Wheeler","1992-11-23","pandersen@example.org", "TWheeler","slm0lcNQqEe","student","1","1");
INSERT INTO Users (first_name,last_name,birth_date,email,username,password,Roles_role,Schools_id_school,approved) VALUES ("Pamela", "Whitehead","1992-06-12","guerraeric@example.net", "PWhitehead","4j7c1f5S71","student","3","1");
INSERT INTO Users (first_name,last_name,birth_date,email,username,password,Roles_role,Schools_id_school,approved) VALUES ("Jessica", "Estrada","1997-09-10","qgrimes@example.com", "JEstrada","1THrHZp2n5RL08","student","2","1");
INSERT INTO Users (first_name,last_name,birth_date,email,username,password,Roles_role,Schools_id_school,approved) VALUES ("Jennifer", "Mora","1998-07-17","thomasjoshua@example.net", "JMora","CFQPS6YwfuNh","student","2","1");
INSERT INTO Users (first_name,last_name,birth_date,email,username,password,Roles_role,Schools_id_school,approved) VALUES ("David", "Smith","2001-03-24","danieljefferson@example.com", "DSmith","2mpbUrhToxYkv","student","2","1");
INSERT INTO Users (first_name,last_name,birth_date,email,username,password,Roles_role,Schools_id_school,approved) VALUES ("Scott", "Butler","1998-09-28","danielle40@example.com", "SButler","gYj2Soc0","student","3","1");
INSERT INTO Users (first_name,last_name,birth_date,email,username,password,Roles_role,Schools_id_school,approved) VALUES ("Christine", "Hogan","1996-10-02","raymondparker@example.com", "CHogan","MRebhOmM1Khzfx1h","student","1","1");
INSERT INTO Users (first_name,last_name,birth_date,email,username,password,Roles_role,Schools_id_school,approved) VALUES ("Brandi", "Dawson","1996-12-06","christopherlloyd@example.net", "BDawson","m9lThEnU","student","1","1");
INSERT INTO Users (first_name,last_name,birth_date,email,username,password,Roles_role,Schools_id_school,approved) VALUES ("Tyler", "Bradford","2001-10-23","greenchristopher@example.org", "TBradford","IBNg1qeo","student","1","1");
INSERT INTO Users (first_name,last_name,birth_date,email,username,password,Roles_role,Schools_id_school,approved) VALUES ("Cody", "Cordova","1993-09-22","walkermiranda@example.net", "CCordova","wBldGDcMgSzm","student","2","1");
INSERT INTO Users (first_name,last_name,birth_date,email,username,password,Roles_role,Schools_id_school,approved) VALUES ("Lynn", "Johnson","1998-04-30","sydney73@example.net", "LJohnson","5UE156KkSRn9X","student","1","1");
INSERT INTO Users (first_name,last_name,birth_date,email,username,password,Roles_role,Schools_id_school,approved) VALUES ("Anne", "Marsh","1993-03-18","fowlermichelle@example.org", "AMarsh","2kvHqhM6CQ","student","1","1");
INSERT INTO Users (first_name,last_name,birth_date,email,username,password,Roles_role,Schools_id_school,approved) VALUES ("Randy", "Armstrong","1996-10-12","wallryan@example.org", "RArmstrong","ERA5K3G6","student","2","1");
INSERT INTO Users (first_name,last_name,birth_date,email,username,password,Roles_role,Schools_id_school,approved) VALUES ("Cynthia", "Miller","1998-03-07","dgallegos@example.com", "CMiller","y1QqjJSaDVfvV","student","1","1");
INSERT INTO Users (first_name,last_name,birth_date,email,username,password,Roles_role,Schools_id_school,approved) VALUES ("Summer", "Scott","1998-12-31","jonathonruiz@example.net", "SScott","ripW9EwNsRwL85O2","student","3","1");
INSERT INTO Users (first_name,last_name,birth_date,email,username,password,Roles_role,Schools_id_school,approved) VALUES ("Michael", "Martinez","1997-10-29","saraprice@example.com", "MMartinez","TtyVA1PfaM","student","1","1");
INSERT INTO Users (first_name,last_name,birth_date,email,username,password,Roles_role,Schools_id_school,approved) VALUES ("Stacey", "Thomas","1993-01-15","wanda15@example.org", "SThomas","kpoOCyT4RK3Ac","student","2","1");
INSERT INTO Users (first_name,last_name,birth_date,email,username,password,Roles_role,Schools_id_school,approved) VALUES ("Jacqueline", "Drake","2003-01-20","robertsonkatherine@example.com", "JDrake","XQTckCeqSkCH4F","student","3","1");
INSERT INTO Users (first_name,last_name,birth_date,email,username,password,Roles_role,Schools_id_school,approved) VALUES ("Emily", "Stanton","2000-03-22","jane45@example.org", "EStanton","4cFut1Dd","student","2","1");
INSERT INTO Users (first_name,last_name,birth_date,email,username,password,Roles_role,Schools_id_school,approved) VALUES ("Amanda", "Freeman","2002-06-23","wcross@example.org", "AFreeman","J9Of1Uiaz8R","student","2","1");
INSERT INTO Users (first_name,last_name,birth_date,email,username,password,Roles_role,Schools_id_school,approved) VALUES ("Kathryn", "Mcmahon","1998-01-19","anitagoodwin@example.com", "KMcmahon","anaTWa0RHNgmh","student","3","1");
INSERT INTO Users (first_name,last_name,birth_date,email,username,password,Roles_role,Schools_id_school,approved) VALUES ("Brett", "Rodgers","2001-05-15","bpowell@example.net", "BRodgers","3trSlgE27zO","student","1","1");
INSERT INTO Users (first_name,last_name,birth_date,email,username,password,Roles_role,Schools_id_school,approved) VALUES ("Brian", "Harris","1995-01-15","fschmidt@example.net", "BHarris","r6CZYh3q","student","1","1");
INSERT INTO Users (first_name,last_name,birth_date,email,username,password,Roles_role,Schools_id_school,approved) VALUES ("Thomas", "Martin","1999-11-13","pmurray@example.org", "TMartin","0PPwh3jr2bccnRqJ","student","2","1");
INSERT INTO Users (first_name,last_name,birth_date,email,username,password,Roles_role,Schools_id_school,approved) VALUES ("Karen", "Austin","1994-04-17","jennifergreene@example.org", "KAustin","8K62c2V9SMPFT","student","3","1");
INSERT INTO Users (first_name,last_name,birth_date,email,username,password,Roles_role,Schools_id_school,approved) VALUES ("Mark", "Cobb","2003-04-05","elizabeth17@example.com", "MCobb","OBx3IlnyLsaijrv","student","2","1");
INSERT INTO Users (first_name,last_name,birth_date,email,username,password,Roles_role,Schools_id_school,approved) VALUES ("Thomas", "Shaw","1992-07-18","gina28@example.com", "TShaw","TfvXNccrkjLsx","student","2","1");
INSERT INTO Users (first_name,last_name,birth_date,email,username,password,Roles_role,Schools_id_school,approved) VALUES ("Amanda", "Ware","1997-01-24","estradawilliam@example.com", "AWare","ishEUp7dtl2HUetz","student","2","1");
INSERT INTO Users (first_name,last_name,birth_date,email,username,password,Roles_role,Schools_id_school,approved) VALUES ("Sheila", "Williams","1993-10-08","stephenbell@example.org", "SWilliams","AggJ6EEv1ZZv","student","1","1");
INSERT INTO Users (first_name,last_name,birth_date,email,username,password,Roles_role,Schools_id_school,approved) VALUES ("Taylor", "Taylor","1998-12-05","heathercowan@example.net", "TTaylor","hSFBctvVR5j6kOK","student","2","1");
INSERT INTO Users (first_name,last_name,birth_date,email,username,password,Roles_role,Schools_id_school,approved) VALUES ("Andre", "Bryant","2002-05-13","matthew66@example.com", "ABryant","eZfmVodya","student","1","1");
INSERT INTO Users (first_name,last_name,birth_date,email,username,password,Roles_role,Schools_id_school,approved) VALUES ("Shannon", "Peters","1993-05-24","psmith@example.net", "SPeters","JHsC6FYLTRnBfx","student","1","1");
INSERT INTO Users (first_name,last_name,birth_date,email,username,password,Roles_role,Schools_id_school,approved) VALUES ("Michael", "Butler","1996-08-08","ujohnson@example.net", "MButler","LXkBmwhe032S","student","1","1");
INSERT INTO Users (first_name,last_name,birth_date,email,username,password,Roles_role,Schools_id_school,approved) VALUES ("Amber", "Thompson","1998-06-27","wdavis@example.net", "AThompson","CWRmhFzqnPc8ZnNj","student","1","1");
INSERT INTO Users (first_name,last_name,birth_date,email,username,password,Roles_role,Schools_id_school,approved) VALUES ("David", "Harris","2000-12-06","shane14@example.org", "DHarris","DyxI0jgMFjK","student","2","1");
INSERT INTO Users (first_name,last_name,birth_date,email,username,password,Roles_role,Schools_id_school,approved) VALUES ("John", "Hall","2001-04-16","elizabeth33@example.net", "JHall","4HFR64u1FFOQ3m","student","3","1");
INSERT INTO Users (first_name,last_name,birth_date,email,username,password,Roles_role,Schools_id_school,approved) VALUES ("Benjamin", "Mclean","2000-03-04","whitney98@example.org", "BMclean","avT9V5u0ucH","student","1","1");
INSERT INTO Users (first_name,last_name,birth_date,email,username,password,Roles_role,Schools_id_school,approved) VALUES ("Kim", "Anderson","1998-01-08","dennishoward@example.net", "KAnderson","MYj1yLsTTZEe","student","1","1");
INSERT INTO Users (first_name,last_name,birth_date,email,username,password,Roles_role,Schools_id_school,approved) VALUES ("Sherry", "Miranda","1998-01-31","josephjohnson@example.net", "SMiranda","36ceoictaW2Cv3kZ","student","1","1");
INSERT INTO Users (first_name,last_name,birth_date,email,username,password,Roles_role,Schools_id_school,approved) VALUES ("Edward", "Scott","2002-04-05","marywhitehead@example.net", "EScott","9xGy5HGcKfRYZHW","student","3","1");
INSERT INTO Users (first_name,last_name,birth_date,email,username,password,Roles_role,Schools_id_school,approved) VALUES ("Samantha", "Brown","1992-12-27","masseyashley@example.org", "SBrown","VB5WnsI5M","student","2","1");
INSERT INTO Users (first_name,last_name,birth_date,email,username,password,Roles_role,Schools_id_school,approved) VALUES ("Nicholas", "Taylor","2002-10-27","jacksonkathryn@example.com", "NTaylor","2YyMLo23ZbQ4aVl","student","2","1");
INSERT INTO Users (first_name,last_name,birth_date,email,username,password,Roles_role,Schools_id_school,approved) VALUES ("Bruce", "Brooks","1995-03-08","christopherpayne@example.com", "BBrooks","KqveF3q80tXAyZyd","student","1","1");
INSERT INTO Users (first_name,last_name,birth_date,email,username,password,Roles_role,Schools_id_school,approved) VALUES ("Eric", "Drake","1999-08-21","ortegajennifer@example.net", "EDrake","psU1vd8cEA","student","1","1");
INSERT INTO Users (first_name,last_name,birth_date,email,username,password,Roles_role,Schools_id_school,approved) VALUES ("Sandra", "Benjamin","2002-05-31","cortega@example.net", "SBenjamin","43MTfRSjZwAcNDy","student","2","1");
INSERT INTO Users (first_name,last_name,birth_date,email,username,password,Roles_role,Schools_id_school,approved) VALUES ("James", "Jackson","1995-11-12","bethany79@example.org", "JJackson","gEXjbcMN","student","1","1");
INSERT INTO Users (first_name,last_name,birth_date,email,username,password,Roles_role,Schools_id_school,approved) VALUES ("Whitney", "Jenkins","2001-06-04","daltonstephanie@example.com", "WJenkins","gSJPwmyYXXFh4","student","1","1");
INSERT INTO Users (first_name,last_name,birth_date,email,username,password,Roles_role,Schools_id_school,approved) VALUES ("Tanner", "Holland","2003-03-30","lisa87@example.org", "THolland","NO7vPhRTNsY2i96","student","2","1");
INSERT INTO Users (first_name,last_name,birth_date,email,username,password,Roles_role,Schools_id_school,approved) VALUES ("George", "Pruitt","2000-06-27","wileymegan@example.com", "GPruitt","6V39RZhH3Ymc","student","2","1");
INSERT INTO Users (first_name,last_name,birth_date,email,username,password,Roles_role,Schools_id_school,approved) VALUES ("Ian", "Jackson","1996-09-25","bradley11@example.org", "IJackson","xWmDwYOe9c57cFq","student","1","1");
INSERT INTO Users (first_name,last_name,birth_date,email,username,password,Roles_role,Schools_id_school,approved) VALUES ("Warren", "Crawford","2001-03-03","gmiller@example.org", "WCrawford","QKK4nofX044OXGSH","student","2","1");
INSERT INTO Users (first_name,last_name,birth_date,email,username,password,Roles_role,Schools_id_school,approved) VALUES ("Rebekah", "Bell","2000-02-05","nicole35@example.org", "RBell","t8hjB5KB7f7gAegA","student","1","1");
INSERT INTO Users (first_name,last_name,birth_date,email,username,password,Roles_role,Schools_id_school,approved) VALUES ("Tyler", "Kennedy","1996-05-28","fellis@example.com", "TKennedy","YCBRAbF6","student","2","1");
INSERT INTO Users (first_name,last_name,birth_date,email,username,password,Roles_role,Schools_id_school,approved) VALUES ("Benjamin", "Wolf","1998-01-24","owensrobin@example.org", "BWolf","fwehwSbwwla1","student","1","1");
INSERT INTO Users (first_name,last_name,birth_date,email,username,password,Roles_role,Schools_id_school,approved) VALUES ("Rhonda", "Pham","1993-07-17","iberg@example.com", "RPham","eM5jnanQRU85h","student","3","1");
INSERT INTO Users (first_name,last_name,birth_date,email,username,password,Roles_role,Schools_id_school,approved) VALUES ("Teresa", "Brown","2001-11-29","rmercer@example.net", "TBrown","sxSb7Mo2","student","1","1");
INSERT INTO Users (first_name,last_name,birth_date,email,username,password,Roles_role,Schools_id_school,approved) VALUES ("Christy", "Jennings","1995-07-02","victorshelton@example.com", "CJennings","DhEwT9qib9","student","1","1");
INSERT INTO Users (first_name,last_name,birth_date,email,username,password,Roles_role,Schools_id_school,approved) VALUES ("Shelly", "Brown","1996-11-17","emcbride@example.org", "SBrown","vE9ss749JOulL","student","1","1");
INSERT INTO Users (first_name,last_name,birth_date,email,username,password,Roles_role,Schools_id_school,approved) VALUES ("Kathryn", "Jackson","1996-09-15","molly16@example.net", "KJackson","ILtky5j8i","student","1","1");
INSERT INTO Users (first_name,last_name,birth_date,email,username,password,Roles_role,Schools_id_school,approved) VALUES ("Tonya", "Ramos","1993-04-07","cmiller@example.com", "TRamos","GppWlsxAQc3iM","student","1","1");
INSERT INTO Users (first_name,last_name,birth_date,email,username,password,Roles_role,Schools_id_school,approved) VALUES ("Virginia", "Burns","2000-03-09","kathy17@example.com", "VBurns","eSeiAtJAV7jLBt","student","3","1");
INSERT INTO Users (first_name,last_name,birth_date,email,username,password,Roles_role,Schools_id_school,approved) VALUES ("Riley", "Terrell","1995-09-22","marshalllynn@example.com", "RTerrell","fpCOxO8HdyAaA","student","3","1");
INSERT INTO Users (first_name,last_name,birth_date,email,username,password,Roles_role,Schools_id_school,approved) VALUES ("Joseph", "Douglas","2003-01-08","jamesnorris@example.com", "JDouglas","Cnxs8Ef8lYgrh","student","3","1");
INSERT INTO Users (first_name,last_name,birth_date,email,username,password,Roles_role,Schools_id_school,approved) VALUES ("Joanna", "White","1995-09-27","juliewheeler@example.org", "JWhite","YSC7zlXABl","student","1","1");
INSERT INTO Users (first_name,last_name,birth_date,email,username,password,Roles_role,Schools_id_school,approved) VALUES ("James", "Bentley","2001-07-11","michaeljones@example.net", "JBentley","v7HjwDOOfEWnsa1","student","3","1");
INSERT INTO Users (first_name,last_name,birth_date,email,username,password,Roles_role,Schools_id_school,approved) VALUES ("Richard", "Hart","2001-04-19","osbornstephanie@example.net", "RHart","NDanthXOtIMjBTW","student","2","1");
INSERT INTO Users (first_name,last_name,birth_date,email,username,password,Roles_role,Schools_id_school,approved) VALUES ("Melissa", "Smith","1995-07-19","johnsongregory@example.com", "MSmith","RFW9oIWzr","student","3","1");
INSERT INTO Users (first_name,last_name,birth_date,email,username,password,Roles_role,Schools_id_school,approved) VALUES ("Daniel", "Spencer","1994-05-07","william12@example.org", "DSpencer","hr4Qcaqz","student","3","1");
INSERT INTO Users (first_name,last_name,birth_date,email,username,password,Roles_role,Schools_id_school,approved) VALUES ("Chad", "Parker","2002-07-27","curtis11@example.org", "CParker","CgVqws3WR6mMfc","student","1","1");
INSERT INTO Users (first_name,last_name,birth_date,email,username,password,Roles_role,Schools_id_school,approved) VALUES ("Julie", "Martinez","1998-10-22","mpittman@example.org", "JMartinez","tIvhH3p56Wke","student","2","1");
INSERT INTO Users (first_name,last_name,birth_date,email,username,password,Roles_role,Schools_id_school,approved) VALUES ("Steven", "Vance","1993-04-14","opatel@example.com", "SVance","sHiKHOnIgA9O","student","3","1");
INSERT INTO Users (first_name,last_name,birth_date,email,username,password,Roles_role,Schools_id_school,approved) VALUES ("Amanda", "Pearson","1993-09-20","sharon64@example.org", "APearson","VX5YrsCxKOikhS","student","1","1");
INSERT INTO Users (first_name,last_name,birth_date,email,username,password,Roles_role,Schools_id_school,approved) VALUES ("Carol", "Patton","1998-09-22","mitchelldenise@example.org", "CPatton","zLDiJQtwOEVAnE","student","2","1");
INSERT INTO Users (first_name,last_name,birth_date,email,username,password,Roles_role,Schools_id_school,approved) VALUES ("Anthony", "King","1995-09-08","fordjill@example.com", "AKing","uFP9dCtjVFd4Nnbw","student","2","1");
INSERT INTO Users (first_name,last_name,birth_date,email,username,password,Roles_role,Schools_id_school,approved) VALUES ("Mark", "Henry","2000-02-19","roberthorton@example.com", "MHenry","4a2HeR3fR8V7Qz","student","1","1");
INSERT INTO Users (first_name,last_name,birth_date,email,username,password,Roles_role,Schools_id_school,approved) VALUES ("John", "Black","1993-09-11","perezmario@example.org", "JBlack","chNar3OSsU5oj","student","3","1");
INSERT INTO Users (first_name,last_name,birth_date,email,username,password,Roles_role,Schools_id_school,approved) VALUES ("Kathryn", "Smith","2001-07-03","jackbell@example.net", "KSmith","mgBDTvykvAP5","student","3","1");
INSERT INTO Users (first_name,last_name,birth_date,email,username,password,Roles_role,Schools_id_school,approved) VALUES ("Cory", "Cohen","2002-10-16","nathanosborne@example.com", "CCohen","jC7TjHuin6lCwY","student","2","1");
INSERT INTO Users (first_name,last_name,birth_date,email,username,password,Roles_role,Schools_id_school,approved) VALUES ("Holly", "Davidson","2000-10-29","zwilliams@example.net", "HDavidson","ZFyUoYmC8nLTd5","student","2","1");
INSERT INTO Users (first_name,last_name,birth_date,email,username,password,Roles_role,Schools_id_school,approved) VALUES ("Elizabeth", "Nelson","1996-10-26","nicholas72@example.org", "ENelson","oOf3lxdV","student","3","1");
INSERT INTO Users (first_name,last_name,birth_date,email,username,password,Roles_role,Schools_id_school,approved) VALUES ("Lisa", "Thompson","1997-03-13","scottbrittany@example.org", "LThompson","oNtNfT3GWs","student","2","1");
INSERT INTO Users (first_name,last_name,birth_date,email,username,password,Roles_role,Schools_id_school,approved) VALUES ("Mark", "Morrison","2000-09-17","rodriguezjay@example.org", "MMorrison","DdOSHQ9P9J7V7B","student","3","1");
INSERT INTO Users (first_name,last_name,birth_date,email,username,password,Roles_role,Schools_id_school,approved) VALUES ("Tina", "Moon","1995-12-27","ltaylor@example.net", "TMoon","FqTEnvrccdkwasP","student","1","1");
INSERT INTO Users (first_name,last_name,birth_date,email,username,password,Roles_role,Schools_id_school,approved) VALUES ("Daniel", "Williams","1997-11-02","michellemcgee@example.org", "DWilliams","eYBRoMzJ6o","student","2","1");
INSERT INTO Users (first_name,last_name,birth_date,email,username,password,Roles_role,Schools_id_school,approved) VALUES ("Karen", "Cardenas","1993-10-23","michellesantiago@example.net", "KCardenas","vMgM4fYuuID","student","2","1");
INSERT INTO Users (first_name,last_name,birth_date,email,username,password,Roles_role,Schools_id_school,approved) VALUES ("Tina", "Rubio","1995-11-13","wcamacho@example.org", "TRubio","bHcmxfn3Hwm1","student","1","1");
INSERT INTO Users (first_name,last_name,birth_date,email,username,password,Roles_role,Schools_id_school,approved) VALUES ("Diana", "Vasquez","2001-12-24","ashley70@example.org", "DVasquez","RUVttH3yqEw3","student","3","1");
INSERT INTO Users (first_name,last_name,birth_date,email,username,password,Roles_role,Schools_id_school,approved) VALUES ("James", "Fox","1993-11-29","jasontate@example.com", "JFox","ct7JeaDFUCd","student","2","1");
INSERT INTO Users (first_name,last_name,birth_date,email,username,password,Roles_role,Schools_id_school,approved) VALUES ("Cheryl", "Howell","1993-08-07","alejandrowilliams@example.org", "CHowell","DChffpg0WjA46nC","student","3","1");
INSERT INTO Users (first_name,last_name,birth_date,email,username,password,Roles_role,Schools_id_school,approved) VALUES ("Chelsea", "Spencer","1993-08-06","tammylambert@example.com", "CSpencer","0BJW41zc9","student","1","1");
INSERT INTO Users (first_name,last_name,birth_date,email,username,password,Roles_role,Schools_id_school,approved) VALUES ("Marcus", "Garcia","1996-02-23","duffysarah@example.net", "MGarcia","Foi13r7wuBg","student","3","1");
INSERT INTO Users (first_name,last_name,birth_date,email,username,password,Roles_role,Schools_id_school,approved) VALUES ("Sylvia", "Sheppard","2002-03-20","ilee@example.net", "SSheppard","NIYmTsXCGMDI","student","3","1");
INSERT INTO Users (first_name,last_name,birth_date,email,username,password,Roles_role,Schools_id_school,approved) VALUES ("Stephanie", "Parker","1999-11-05","edward02@example.com", "SParker","robhNYTglUAp","student","1","1");
INSERT INTO Users (first_name,last_name,birth_date,email,username,password,Roles_role,Schools_id_school,approved) VALUES ("Maria", "Montgomery","2002-05-30","xpierce@example.com", "MMontgomery","4VQaVIGB2dhy","student","3","1");
INSERT INTO Users (first_name,last_name,birth_date,email,username,password,Roles_role,Schools_id_school,approved) VALUES ("Brian", "Harmon","1997-10-23","smithjeffrey@example.com", "BHarmon","hVKwoRTTIQso","student","3","1");
INSERT INTO Users (first_name,last_name,birth_date,email,username,password,Roles_role,Schools_id_school,approved) VALUES ("Stephanie", "Berry","2002-07-16","barbararoth@example.com", "SBerry","eHtRuoxOEsL","student","1","1");
INSERT INTO Users (first_name,last_name,birth_date,email,username,password,Roles_role,Schools_id_school,approved) VALUES ("Jennifer", "Chambers","1992-08-28","richardronald@example.net", "JChambers","ZaJGuxLObZ","student","1","1");
INSERT INTO Users (first_name,last_name,birth_date,email,username,password,Roles_role,Schools_id_school,approved) VALUES ("Anita", "Sutton","1997-02-10","lesliepatel@example.org", "ASutton","jlGeiWnY6XFKXS","student","1","1");
INSERT INTO Users (first_name,last_name,birth_date,email,username,password,Roles_role,Schools_id_school,approved) VALUES ("Kendra", "Rodgers","1995-01-06","valerie06@example.org", "KRodgers","Ui0oWywMLiO","student","2","1");
INSERT INTO Users (first_name,last_name,birth_date,email,username,password,Roles_role,Schools_id_school,approved) VALUES ("Holly", "Smith","1993-02-10","gnunez@example.com", "HSmith","N1bHMwFDt","student","1","1");
INSERT INTO Users (first_name,last_name,birth_date,email,username,password,Roles_role,Schools_id_school,approved) VALUES ("Joann", "Bishop","1995-03-21","brianweiss@example.org", "JBishop","JPkQ4FZ9VEI","student","2","1");
INSERT INTO Users (first_name,last_name,birth_date,email,username,password,Roles_role,Schools_id_school,approved) VALUES ("Kristin", "Buchanan","2003-02-24","riverskim@example.net", "KBuchanan","qiMzTm0uY","student","2","1");
INSERT INTO Users (first_name,last_name,birth_date,email,username,password,Roles_role,Schools_id_school,approved) VALUES ("Rick", "Norris","1997-11-07","sandovallarry@example.com", "RNorris","8dncuUV9pv3CQU","student","3","1");
INSERT INTO Users (first_name,last_name,birth_date,email,username,password,Roles_role,Schools_id_school,approved) VALUES ("Michael", "Armstrong","1999-09-01","choicourtney@example.net", "MArmstrong","qwQktbwKIdU","student","3","1");
INSERT INTO Users (first_name,last_name,birth_date,email,username,password,Roles_role,Schools_id_school,approved) VALUES ("Douglas", "Roberts","1994-01-22","johnsondaniel@example.net", "DRoberts","wbFOdbpcao","student","3","1");
INSERT INTO Users (first_name,last_name,birth_date,email,username,password,Roles_role,Schools_id_school,approved) VALUES ("Theresa", "Ortiz","1999-02-16","brookscarmen@example.com", "TOrtiz","e0dwQBi57nCBj","student","2","1");
INSERT INTO Users (first_name,last_name,birth_date,email,username,password,Roles_role,Schools_id_school,approved) VALUES ("Rebecca", "Santiago","1995-08-06","schultzpamela@example.org", "RSantiago","lPvUYVAyaA5q","student","3","1");
INSERT INTO Users (first_name,last_name,birth_date,email,username,password,Roles_role,Schools_id_school,approved) VALUES ("Tonya", "Tran","2003-04-07","paul82@example.com", "TTran","ZVRTDWcK6hA9ykaG","student","1","1");
INSERT INTO Users (first_name,last_name,birth_date,email,username,password,Roles_role,Schools_id_school,approved) VALUES ("Teresa", "Underwood","2003-06-07","harrislindsay@example.com", "TUnderwood","1USjfvp110lp8b9Z","student","1","1");
INSERT INTO Users (first_name,last_name,birth_date,email,username,password,Roles_role,Schools_id_school,approved) VALUES ("Nicole", "Farmer","1997-03-24","brian39@example.net", "NFarmer","kTfB73MgNODTjNMc","student","2","1");
INSERT INTO Users (first_name,last_name,birth_date,email,username,password,Roles_role,Schools_id_school,approved) VALUES ("Laura", "Colon","1999-08-27","schneiderlacey@example.org", "LColon","ZVUybO74cFfws","student","3","1");
INSERT INTO Users (first_name,last_name,birth_date,email,username,password,Roles_role,Schools_id_school,approved) VALUES ("Brittney", "Castro","1994-09-04","lewisbryan@example.com", "BCastro","DpGwkVWzvr","student","2","1");
INSERT INTO Users (first_name,last_name,birth_date,email,username,password,Roles_role,Schools_id_school,approved) VALUES ("Chris", "Taylor","1994-02-09","daniel16@example.org", "CTaylor","atH5sJEcXIKJq7","student","3","1");
INSERT INTO Users (first_name,last_name,birth_date,email,username,password,Roles_role,Schools_id_school,approved) VALUES ("Elizabeth", "Henry","2000-11-30","victoria72@example.com", "EHenry","DzUhzwFd","student","1","1");
INSERT INTO Users (first_name,last_name,birth_date,email,username,password,Roles_role,Schools_id_school,approved) VALUES ("Jacob", "Rodriguez","2001-07-19","stephenfoster@example.com", "JRodriguez","VcqRRLSX7sRW","student","1","1");
INSERT INTO Users (first_name,last_name,birth_date,email,username,password,Roles_role,Schools_id_school,approved) VALUES ("Laurie", "Myers","2000-08-26","brian22@example.com", "LMyers","Hvy1qnhKvZ987pLR","student","3","1");
INSERT INTO Users (first_name,last_name,birth_date,email,username,password,Roles_role,Schools_id_school,approved) VALUES ("Richard", "Coleman","1999-01-11","vdouglas@example.net", "RColeman","R4wk635jv2V0aL0d","student","3","1");
INSERT INTO Users (first_name,last_name,birth_date,email,username,password,Roles_role,Schools_id_school,approved) VALUES ("Diane", "Cohen","2002-04-03","dalerichardson@example.net", "DCohen","8wxsOsuFYz","student","3","1");
INSERT INTO Users (first_name,last_name,birth_date,email,username,password,Roles_role,Schools_id_school,approved) VALUES ("Anthony", "Espinoza","2003-05-10","christopher52@example.org", "AEspinoza","kaYjKcCiv7a8UE","student","3","1");
INSERT INTO Users (first_name,last_name,birth_date,email,username,password,Roles_role,Schools_id_school,approved) VALUES ("Peter", "Hawkins","1999-05-29","robert96@example.org", "PHawkins","VNmeJ7Br81lH","student","1","1");
INSERT INTO Users (first_name,last_name,birth_date,email,username,password,Roles_role,Schools_id_school,approved) VALUES ("Timothy", "Lee","1993-01-05","tina85@example.org", "TLee","QOkLh8GOY","student","3","1");
INSERT INTO Users (first_name,last_name,birth_date,email,username,password,Roles_role,Schools_id_school,approved) VALUES ("Michael", "Cervantes","1995-03-28","palmermichelle@example.net", "MCervantes","WBrtsaBX0Tr8qI","student","3","1");
INSERT INTO Users (first_name,last_name,birth_date,email,username,password,Roles_role,Schools_id_school,approved) VALUES ("Edward", "Ibarra","1999-06-19","qmoreno@example.net", "EIbarra","uvmTYBYj2aWGjYQS","student","3","1");
INSERT INTO Users (first_name,last_name,birth_date,email,username,password,Roles_role,Schools_id_school,approved) VALUES ("Luis", "Stanton","1993-09-06","brian36@example.net", "LStanton","xD8cJ6AONZZWo5","student","1","1");
INSERT INTO Users (first_name,last_name,birth_date,email,username,password,Roles_role,Schools_id_school,approved) VALUES ("Angela", "Garcia","2000-07-22","ybrown@example.org", "AGarcia","H8kRmOwOSFbUV","student","1","1");
INSERT INTO Users (first_name,last_name,birth_date,email,username,password,Roles_role,Schools_id_school,approved) VALUES ("Sonia", "Fitzpatrick","1997-02-25","mitchellsmith@example.com", "SFitzpatrick","rl8W7AeKCpV","student","3","1");
INSERT INTO Users (first_name,last_name,birth_date,email,username,password,Roles_role,Schools_id_school,approved) VALUES ("David", "Hart","2002-11-02","ericapetty@example.com", "DHart","3G5ZZTg9mkC7e7B","student","3","1");
INSERT INTO Users (first_name,last_name,birth_date,email,username,password,Roles_role,Schools_id_school,approved) VALUES ("Joseph", "Brown","1999-01-03","phill@example.net", "JBrown","8rqB4WXwNuftbF","student","1","1");
INSERT INTO Users (first_name,last_name,birth_date,email,username,password,Roles_role,Schools_id_school,approved) VALUES ("Jill", "Mcintosh","2003-04-11","rtorres@example.net", "JMcintosh","mWzyBXOORyS4","student","1","1");
INSERT INTO Users (first_name,last_name,birth_date,email,username,password,Roles_role,Schools_id_school,approved) VALUES ("John", "Stephens","2001-04-29","johnburns@example.org", "JStephens","w1KiKTru0bzE6Hi","student","1","1");
INSERT INTO Users (first_name,last_name,birth_date,email,username,password,Roles_role,Schools_id_school,approved) VALUES ("Sandra", "King","2000-05-21","slarson@example.net", "SKing","K3wxaemTh","student","3","1");
INSERT INTO Users (first_name,last_name,birth_date,email,username,password,Roles_role,Schools_id_school,approved) VALUES ("Steven", "Smith","1997-11-30","aortega@example.com", "SSmith","Ecu71298buz5iWOr","student","2","1");
INSERT INTO Users (first_name,last_name,birth_date,email,username,password,Roles_role,Schools_id_school,approved) VALUES ("Dennis", "Escobar","1995-04-26","castrolarry@example.com", "DEscobar","Mjz3tGdki5","student","1","1");
INSERT INTO Users (first_name,last_name,birth_date,email,username,password,Roles_role,Schools_id_school,approved) VALUES ("Nancy", "Brown","2001-05-25","christopher75@example.com", "NBrown","TPTWUcU0Hc0JSVS","student","3","1");
INSERT INTO Users (first_name,last_name,birth_date,email,username,password,Roles_role,Schools_id_school,approved) VALUES ("Linda", "Carrillo","2000-09-11","rhodesbobby@example.com", "LCarrillo","8lwZL0ffJl0qmZ","student","2","1");
INSERT INTO Users (first_name,last_name,birth_date,email,username,password,Roles_role,Schools_id_school,approved) VALUES ("Linda", "Collins","2003-02-01","everettshawn@example.com", "LCollins","STqYqH7D6jW5C","student","3","1");
INSERT INTO Users (first_name,last_name,birth_date,email,username,password,Roles_role,Schools_id_school,approved) VALUES ("Michelle", "Frank","1997-07-12","stevensnichole@example.com", "MFrank","cOLlPGc5Wu","student","1","1");
INSERT INTO Users (first_name,last_name,birth_date,email,username,password,Roles_role,Schools_id_school,approved) VALUES ("Juan", "Fisher","1995-03-09","martinezmark@example.net", "JFisher","PYDNpZDHkTv","student","3","1");
INSERT INTO Users (first_name,last_name,birth_date,email,username,password,Roles_role,Schools_id_school,approved) VALUES ("Edward", "Cooke","1999-04-16","katherineperkins@example.net", "ECooke","EXJdIf0Hva","student","1","1");
INSERT INTO Users (first_name,last_name,birth_date,email,username,password,Roles_role,Schools_id_school,approved) VALUES ("Amber", "Moss","1998-08-11","amanda22@example.org", "AMoss","BMwKCv1yG","student","2","1");
INSERT INTO Users (first_name,last_name,birth_date,email,username,password,Roles_role,Schools_id_school,approved) VALUES ("Briana", "Estrada","1998-05-30","heatherkline@example.net", "BEstrada","iu7blUibv","student","3","1");
INSERT INTO Users (first_name,last_name,birth_date,email,username,password,Roles_role,Schools_id_school,approved) VALUES ("Alejandra", "Wagner","1993-06-08","kevin85@example.org", "AWagner","cAPdStYy6dM","student","3","1");
INSERT INTO Users (first_name,last_name,birth_date,email,username,password,Roles_role,Schools_id_school,approved) VALUES ("Amanda", "Potter","1999-09-22","brendabailey@example.net", "APotter","w617eAdCwM","student","3","1");
INSERT INTO Users (first_name,last_name,birth_date,email,username,password,Roles_role,Schools_id_school,approved) VALUES ("Angela", "Wilcox","2002-03-15","adamdominguez@example.org", "AWilcox","RtK2ZDAlbDZq","student","1","1");
INSERT INTO Users (first_name,last_name,birth_date,email,username,password,Roles_role,Schools_id_school,approved) VALUES ("Mary", "Terrell","2000-08-09","paula07@example.org", "MTerrell","ewghbwblzNSP5a","student","2","1");
INSERT INTO Users (first_name,last_name,birth_date,email,username,password,Roles_role,Schools_id_school,approved) VALUES ("Alexander", "Mccann","1998-07-30","kennethjohnson@example.net", "AMccann","YJV3SFEf2dI3zYY","student","2","1");
INSERT INTO Users (first_name,last_name,birth_date,email,username,password,Roles_role,Schools_id_school,approved) VALUES ("Michael", "Reed","1999-01-19","imoore@example.org", "MReed","PHg10fvw","student","1","1");
INSERT INTO Users (first_name,last_name,birth_date,email,username,password,Roles_role,Schools_id_school,approved) VALUES ("Stacie", "Johnson","1995-03-18","hernandezjohn@example.org", "SJohnson","9cj6HOZs9cayvk8","student","3","1");
INSERT INTO Users (first_name,last_name,birth_date,email,username,password,Roles_role,Schools_id_school,approved) VALUES ("Amanda", "Morris","1995-12-31","gonzalezjulie@example.com", "AMorris","klX6kORp84","student","3","1");
INSERT INTO Users (first_name,last_name,birth_date,email,username,password,Roles_role,Schools_id_school,approved) VALUES ("Joshua", "Silva","1999-11-29","anna64@example.org", "JSilva","8bE94ORzcopOs","student","2","1");
INSERT INTO Users (first_name,last_name,birth_date,email,username,password,Roles_role,Schools_id_school,approved) VALUES ("Eric", "Coleman","2000-03-09","karen12@example.com", "EColeman","9pwok4ADx4","student","3","1");
INSERT INTO Users (first_name,last_name,birth_date,email,username,password,Roles_role,Schools_id_school,approved) VALUES ("Veronica", "Hughes","2001-08-11","brianaparker@example.com", "VHughes","yKXak7LaRy","student","3","1");
INSERT INTO Users (first_name,last_name,birth_date,email,username,password,Roles_role,Schools_id_school,approved) VALUES ("Douglas", "Abbott","2002-10-18","briana59@example.org", "DAbbott","jbb0uGacdX","student","1","1");
INSERT INTO Users (first_name,last_name,birth_date,email,username,password,Roles_role,Schools_id_school,approved) VALUES ("Susan", "Moore","1995-11-20","hwalker@example.com", "SMoore","XjRYyYbABK","student","3","1");
INSERT INTO Users (first_name,last_name,birth_date,email,username,password,Roles_role,Schools_id_school,approved) VALUES ("William", "Owens","2003-04-20","alanjohnson@example.net", "WOwens","Tp7ixGnIzeiAK","student","3","1");
INSERT INTO Users (first_name,last_name,birth_date,email,username,password,Roles_role,Schools_id_school,approved) VALUES ("Heather", "Barrett","1992-08-05","erin78@example.net", "HBarrett","9gB5BpEyo6zpP","student","2","1");
INSERT INTO Users (first_name,last_name,birth_date,email,username,password,Roles_role,Schools_id_school,approved) VALUES ("Sarah", "Silva","1997-12-02","kenneth57@example.org", "SSilva","6Le1qr4HxIbMNX","student","2","1");
INSERT INTO Users (first_name,last_name,birth_date,email,username,password,Roles_role,Schools_id_school,approved) VALUES ("Andrew", "Spencer","1996-09-23","bwheeler@example.com", "ASpencer","rcNu3Zz9OgI","student","1","1");
INSERT INTO Users (first_name,last_name,birth_date,email,username,password,Roles_role,Schools_id_school,approved) VALUES ("Shane", "Alvarado","1994-06-23","ericlopez@example.net", "SAlvarado","TzbXAU3zB7","student","1","1");
INSERT INTO Users (first_name,last_name,birth_date,email,username,password,Roles_role,Schools_id_school,approved) VALUES ("Thomas", "Baldwin","1996-09-16","savannah17@example.org", "TBaldwin","MDkkvEAkL63sWGh","student","2","1");
INSERT INTO Users (first_name,last_name,birth_date,email,username,password,Roles_role,Schools_id_school,approved) VALUES ("James", "Park","2002-04-22","murillomeghan@example.org", "JPark","jOwXEOHWdm49q","student","1","1");
INSERT INTO Users (first_name,last_name,birth_date,email,username,password,Roles_role,Schools_id_school,approved) VALUES ("Russell", "Williamson","1994-09-17","jacobjordan@example.com", "RWilliamson","syOcsJBcRAryU","student","1","1");
INSERT INTO Users (first_name,last_name,birth_date,email,username,password,Roles_role,Schools_id_school,approved) VALUES ("Scott", "Evans","2000-11-16","cookcathy@example.org", "SEvans","iihNwkbBKzDeP","student","3","1");
INSERT INTO Users (first_name,last_name,birth_date,email,username,password,Roles_role,Schools_id_school,approved) VALUES ("Jacob", "Everett","1998-04-23","loriflowers@example.net", "JEverett","XBIUJikjn","student","1","1");
INSERT INTO Users (first_name,last_name,birth_date,email,username,password,Roles_role,Schools_id_school,approved) VALUES ("Anthony", "Vazquez","1995-03-18","melendeztimothy@example.org", "AVazquez","bHi0Fw54NVs","student","3","1");
INSERT INTO Users (first_name,last_name,birth_date,email,username,password,Roles_role,Schools_id_school,approved) VALUES ("Alexander", "Mcmillan","2001-04-08","katherinerogers@example.com", "AMcmillan","RhZ9621AX3q5k","student","2","1");
INSERT INTO Users (first_name,last_name,birth_date,email,username,password,Roles_role,Schools_id_school,approved) VALUES ("Robert", "Mcdonald","1999-02-20","zcoleman@example.org", "RMcdonald","9vISj6yVVJtp46yw","student","2","1");
INSERT INTO Users (first_name,last_name,birth_date,email,username,password,Roles_role,Schools_id_school,approved) VALUES ("Tracey", "Rodriguez","1994-08-27","ipineda@example.com", "TRodriguez","Gt9AA0gRjjaLMOT","student","3","1");
INSERT INTO Users (first_name,last_name,birth_date,email,username,password,Roles_role,Schools_id_school,approved) VALUES ("Noah", "Decker","1992-07-30","lisaobrien@example.com", "NDecker","SXPSnMPMG","student","1","1");
INSERT INTO Users (first_name,last_name,birth_date,email,username,password,Roles_role,Schools_id_school,approved) VALUES ("Emily", "Flowers","1998-02-07","janice52@example.net", "EFlowers","SUNkyfYcah5x","student","3","1");
INSERT INTO Users (first_name,last_name,birth_date,email,username,password,Roles_role,Schools_id_school,approved) VALUES ("Sarah", "Mcguire","1999-02-09","connerpeter@example.net", "SMcguire","ugRCxLSqQFZXo7k","student","3","1");
INSERT INTO Users (first_name,last_name,birth_date,email,username,password,Roles_role,Schools_id_school,approved) VALUES ("Alexandra", "Parker","1996-02-09","chelsea47@example.net", "AParker","05eX2G64kb0P2k4H","student","2","1");
INSERT INTO Users (first_name,last_name,birth_date,email,username,password,Roles_role,Schools_id_school,approved) VALUES ("Gary", "Mcconnell","1994-09-20","kirbytiffany@example.net", "GMcconnell","CTRzqbLi6yk","student","2","1");
INSERT INTO Users (first_name,last_name,birth_date,email,username,password,Roles_role,Schools_id_school,approved) VALUES ("Aaron", "King","1993-06-10","margaret90@example.com", "AKing","6y7ZfPLz","student","2","1");
INSERT INTO Users (first_name,last_name,birth_date,email,username,password,Roles_role,Schools_id_school,approved) VALUES ("Kimberly", "Evans","1993-12-17","zross@example.org", "KEvans","G3DcENgr1GF","student","3","1");
INSERT INTO Users (first_name,last_name,birth_date,email,username,password,Roles_role,Schools_id_school,approved) VALUES ("Catherine", "Martinez","1999-12-25","matthewjones@example.net", "CMartinez","EqloIxkt2M16jD","student","1","1");
INSERT INTO Users (first_name,last_name,birth_date,email,username,password,Roles_role,Schools_id_school,approved) VALUES ("Deborah", "Obrien","1998-05-25","stephanie72@example.com", "DObrien","EzK8AJfqE","student","1","1");
INSERT INTO Users (first_name,last_name,birth_date,email,username,password,Roles_role,Schools_id_school,approved) VALUES ("Tony", "Mueller","2000-02-02","steven50@example.net", "TMueller","sjxZgiQ3d","student","3","1");
INSERT INTO Users (first_name,last_name,birth_date,email,username,password,Roles_role,Schools_id_school,approved) VALUES ("William", "Smith","2000-06-29","dwallace@example.org", "WSmith","LJmac3zJSW","student","3","1");
INSERT INTO Users (first_name,last_name,birth_date,email,username,password,Roles_role,Schools_id_school,approved) VALUES ("Edward", "Hunt","1993-03-09","gonzalesbrenda@example.com", "EHunt","TSg7EJw3Xv3gRap","student","1","1");
INSERT INTO Users (first_name,last_name,birth_date,email,username,password,Roles_role,Schools_id_school,approved) VALUES ("Jesse", "Huff","1994-09-26","johnsontimothy@example.net", "JHuff","1troaFw89G7vfet","student","3","1");
INSERT INTO Users (first_name,last_name,birth_date,email,username,password,Roles_role,Schools_id_school,approved) VALUES ("Donald", "Hodge","1997-04-25","jspencer@example.com", "DHodge","oVx9y3Wjos7mVX","student","2","1");
INSERT INTO Users (first_name,last_name,birth_date,email,username,password,Roles_role,Schools_id_school,approved) VALUES ("Linda", "Cantu","1993-12-19","ksmith@example.net", "LCantu","syNi1XhzwG3Eo","student","3","1");
INSERT INTO Users (first_name,last_name,birth_date,email,username,password,Roles_role,Schools_id_school,approved) VALUES ("Ronnie", "Rogers","2002-10-24","gomezsteven@example.net", "RRogers","O6wBrwzXXTs3g","student","2","1");
INSERT INTO Users (first_name,last_name,birth_date,email,username,password,Roles_role,Schools_id_school,approved) VALUES ("Mary", "Taylor","1993-06-26","brandon27@example.net", "MTaylor","hCjw7pVl79vF","student","1","1");
INSERT INTO Users (first_name,last_name,birth_date,email,username,password,Roles_role,Schools_id_school,approved) VALUES ("Jonathan", "Knight","1996-10-21","whitney91@example.com", "JKnight","RyyDGD7K1","student","3","1");
INSERT INTO Users (first_name,last_name,birth_date,email,username,password,Roles_role,Schools_id_school,approved) VALUES ("Terri", "Sanchez","1993-06-02","morgan71@example.net", "TSanchez","RzGtFouHRaf","student","2","1");
INSERT INTO Users (first_name,last_name,birth_date,email,username,password,Roles_role,Schools_id_school,approved) VALUES ("John", "Price","1992-12-19","smorales@example.com", "JPrice","z58o09BdKXcAf","student","2","1");
INSERT INTO Users (first_name,last_name,birth_date,email,username,password,Roles_role,Schools_id_school,approved) VALUES ("Taylor", "Velasquez","1998-07-01","ericwebb@example.net", "TVelasquez","UulhlZSxbo8","student","1","1");
INSERT INTO Users (first_name,last_name,birth_date,email,username,password,Roles_role,Schools_id_school,approved) VALUES ("Terri", "Mendoza","1997-02-28","youngcameron@example.net", "TMendoza","yIaih0MM","student","1","1");
INSERT INTO Users (first_name,last_name,birth_date,email,username,password,Roles_role,Schools_id_school,approved) VALUES ("Kimberly", "Sanchez","1994-08-09","angela56@example.net", "KSanchez","VDm2aH5N2","student","2","1");
INSERT INTO Users (first_name,last_name,birth_date,email,username,password,Roles_role,Schools_id_school,approved) VALUES ("Charles", "Wheeler","1999-01-21","yosborne@example.net", "CWheeler","Il7oo7AyE","student","1","1");
INSERT INTO Users (first_name,last_name,birth_date,email,username,password,Roles_role,Schools_id_school,approved) VALUES ("Antonio", "Weaver","1994-11-06","millerashley@example.com", "AWeaver","nyWcN9rbLwTx0v","student","3","1");
INSERT INTO Users (first_name,last_name,birth_date,email,username,password,Roles_role,Schools_id_school,approved) VALUES ("Christopher", "Collins","1997-06-22","rodriguezeric@example.com", "CCollins","PiMHfq8gTgrbSjN","student","3","1");
INSERT INTO Users (first_name,last_name,birth_date,email,username,password,Roles_role,Schools_id_school,approved) VALUES ("Logan", "Rivers","2002-05-29","johnparrish@example.com", "LRivers","ynKQumAGGh","student","3","1");
INSERT INTO Users (first_name,last_name,birth_date,email,username,password,Roles_role,Schools_id_school,approved) VALUES ("Rebecca", "Booker","1993-11-04","tannerrose@example.org", "RBooker","S6EhG5CEl","student","2","1");
INSERT INTO Users (first_name,last_name,birth_date,email,username,password,Roles_role,Schools_id_school,approved) VALUES ("Bryan", "Gonzalez","2000-07-27","bondalejandro@example.org", "BGonzalez","viAqyfKGv003oDpw","student","2","1");
INSERT INTO Users (first_name,last_name,birth_date,email,username,password,Roles_role,Schools_id_school,approved) VALUES ("Melinda", "Gutierrez","2002-07-09","sarah75@example.com", "MGutierrez","bCU4aJz9WXCoBp","student","2","1");
INSERT INTO Users (first_name,last_name,birth_date,email,username,password,Roles_role,Schools_id_school,approved) VALUES ("Rebecca", "Jones","1995-05-28","angela08@example.net", "RJones","EjoCsxPFM77j1HR","student","1","1");
INSERT INTO Users (first_name,last_name,birth_date,email,username,password,Roles_role,Schools_id_school,approved) VALUES ("Bradley", "Kerr","2000-01-01","bryanlarson@example.net", "BKerr","t7HORh8djvc","student","2","1");
INSERT INTO Users (first_name,last_name,birth_date,email,username,password,Roles_role,Schools_id_school,approved) VALUES ("Pamela", "Bradford","1997-02-21","jamiehardy@example.com", "PBradford","X5DyRmAFmk","student","2","1");
INSERT INTO Users (first_name,last_name,birth_date,email,username,password,Roles_role,Schools_id_school,approved) VALUES ("William", "Mckinney","2001-07-24","edward31@example.com", "WMckinney","Y8ZX9v4W","student","3","1");
INSERT INTO Users (first_name,last_name,birth_date,email,username,password,Roles_role,Schools_id_school,approved) VALUES ("Michele", "Castillo","2000-08-28","rosetravis@example.org", "MCastillo","mUulH7IT2MLBjOSN","student","2","1");
INSERT INTO Users (first_name,last_name,birth_date,email,username,password,Roles_role,Schools_id_school,approved) VALUES ("Nathan", "Parks","1999-05-24","miguellambert@example.net", "NParks","MCcpF5M1uJU","student","1","1");
INSERT INTO Users (first_name,last_name,birth_date,email,username,password,Roles_role,Schools_id_school,approved) VALUES ("Jessica", "Calderon","1998-04-29","pamelafrazier@example.net", "JCalderon","cdipC3RN","student","1","1");
INSERT INTO Users (first_name,last_name,birth_date,email,username,password,Roles_role,Schools_id_school,approved) VALUES ("Kenneth", "Flores","1997-12-26","cory15@example.com", "KFlores","39WHB7POs","student","3","1");
INSERT INTO Users (first_name,last_name,birth_date,email,username,password,Roles_role,Schools_id_school,approved) VALUES ("Amanda", "Lowe","2000-02-23","patrickjohnson@example.org", "ALowe","FRmkxJ1wTCzCQ","student","2","1");
INSERT INTO Users (first_name,last_name,birth_date,email,username,password,Roles_role,Schools_id_school,approved) VALUES ("Gabriela", "Durham","1995-02-13","john55@example.com", "GDurham","ejoWhWj97z8DTIn","student","2","1");
INSERT INTO Users (first_name,last_name,birth_date,email,username,password,Roles_role,Schools_id_school,approved) VALUES ("Charles", "Watson","1996-12-25","caseyalexis@example.net", "CWatson","bznf2ALK","student","2","1");
INSERT INTO Users (first_name,last_name,birth_date,email,username,password,Roles_role,Schools_id_school,approved) VALUES ("Andrea", "Chavez","1997-11-14","gibbsrichard@example.net", "AChavez","nOa9QiHP6FtyIIef","student","3","1");
INSERT INTO Users (first_name,last_name,birth_date,email,username,password,Roles_role,Schools_id_school,approved) VALUES ("Rebecca", "Barnes","1999-05-11","phall@example.org", "RBarnes","WanANWxtfVbXZpN","student","1","1");
INSERT INTO Users (first_name,last_name,birth_date,email,username,password,Roles_role,Schools_id_school,approved) VALUES ("Natasha", "Jordan","1998-07-15","daniel20@example.net", "NJordan","xjDqhLCr41oyyVG7","student","2","1");
INSERT INTO Users (first_name,last_name,birth_date,email,username,password,Roles_role,Schools_id_school,approved) VALUES ("Deborah", "Gillespie","1998-02-28","todd09@example.net", "DGillespie","0Lq7fcjuOLK","student","2","1");
INSERT INTO Users (first_name,last_name,birth_date,email,username,password,Roles_role,Schools_id_school,approved) VALUES ("Robin", "Villanueva","2002-09-22","rpeterson@example.net", "RVillanueva","9HEBuyU3b","student","1","1");
INSERT INTO Users (first_name,last_name,birth_date,email,username,password,Roles_role,Schools_id_school,approved) VALUES ("Scott", "Scott","1996-11-14","angela15@example.net", "SScott","MQ79iWj4bhTBpc","student","3","1");
INSERT INTO Users (first_name,last_name,birth_date,email,username,password,Roles_role,Schools_id_school,approved) VALUES ("Heather", "Fuller","1993-01-26","andreasmith@example.org", "HFuller","qyhwsxNZOmV0","student","3","1");
INSERT INTO Users (first_name,last_name,birth_date,email,username,password,Roles_role,Schools_id_school,approved) VALUES ("Philip", "Baldwin","1999-02-10","nguyenerika@example.net", "PBaldwin","dvGJak6F0bO3qviw","student","1","1");
INSERT INTO Users (first_name,last_name,birth_date,email,username,password,Roles_role,Schools_id_school,approved) VALUES ("Brandon", "Chang","1999-11-19","williamtaylor@example.com", "BChang","A9YWeqKgHe3LiFcH","student","1","1");
INSERT INTO Users (first_name,last_name,birth_date,email,username,password,Roles_role,Schools_id_school,approved) VALUES ("Cindy", "Smith","1996-03-03","xvasquez@example.org", "CSmith","gJ1TnlSQ9ozmM","student","3","1");
INSERT INTO Users (first_name,last_name,birth_date,email,username,password,Roles_role,Schools_id_school,approved) VALUES ("Allison", "Downs","1993-06-08","palvarez@example.net", "ADowns","wkrU5wJ2mnD1uir","student","3","1");
INSERT INTO Users (first_name,last_name,birth_date,email,username,password,Roles_role,Schools_id_school,approved) VALUES ("Robert", "Medina","1995-09-03","kimberlyhernandez@example.net", "RMedina","fQ0ut3TY","student","2","1");
INSERT INTO Users (first_name,last_name,birth_date,email,username,password,Roles_role,Schools_id_school,approved) VALUES ("Kristi", "Buckley","1994-10-16","gnash@example.com", "KBuckley","fNasZhkT","student","2","1");
INSERT INTO Users (first_name,last_name,birth_date,email,username,password,Roles_role,Schools_id_school,approved) VALUES ("Jordan", "Young","1993-03-10","paul92@example.net", "JYoung","GJw3CfAGI1A","student","1","1");
INSERT INTO Users (first_name,last_name,birth_date,email,username,password,Roles_role,Schools_id_school,approved) VALUES ("Ian", "Gibson","1996-10-17","johnmarks@example.net", "IGibson","LDulspOBR","student","3","1");
INSERT INTO Users (first_name,last_name,birth_date,email,username,password,Roles_role,Schools_id_school,approved) VALUES ("Michael", "Johnson","1993-03-08","hellis@example.org", "MJohnson","cb1aO2re3Quu","student","3","1");
INSERT INTO Users (first_name,last_name,birth_date,email,username,password,Roles_role,Schools_id_school,approved) VALUES ("Matthew", "Baker","2000-06-21","qwall@example.net", "MBaker","dYTp24SHiqMd","student","2","1");
INSERT INTO Users (first_name,last_name,birth_date,email,username,password,Roles_role,Schools_id_school,approved) VALUES ("David", "Hobbs","1998-09-21","thomassilva@example.org", "DHobbs","rLoq8u6ZIF4CTh","student","2","1");
INSERT INTO Users (first_name,last_name,birth_date,email,username,password,Roles_role,Schools_id_school,approved) VALUES ("Gregory", "Orr","1997-10-28","davidoliver@example.com", "GOrr","kHdoTZEybpftg","student","1","1");
INSERT INTO Users (first_name,last_name,birth_date,email,username,password,Roles_role,Schools_id_school,approved) VALUES ("Heather", "Espinoza","1995-08-24","ballardphillip@example.net", "HEspinoza","9Ca5WxHAhH","student","1","1");
INSERT INTO Users (first_name,last_name,birth_date,email,username,password,Roles_role,Schools_id_school,approved) VALUES ("Jill", "Bowen","1994-08-25","wheelermark@example.net", "JBowen","srzBES77dkT42Hw","student","1","1");
INSERT INTO Users (first_name,last_name,birth_date,email,username,password,Roles_role,Schools_id_school,approved) VALUES ("Sandra", "Burch","1994-03-25","ronaldrogers@example.net", "SBurch","joZtYjlJqIb","student","1","1");
INSERT INTO Users (first_name,last_name,birth_date,email,username,password,Roles_role,Schools_id_school,approved) VALUES ("Christine", "Bird","2001-06-23","robertsonmichelle@example.com", "CBird","30UA74T8kpW","student","3","1");
INSERT INTO Users (first_name,last_name,birth_date,email,username,password,Roles_role,Schools_id_school,approved) VALUES ("Jason", "Cook","1996-07-29","mayeramber@example.org", "JCook","41LRkVpHXt","student","3","1");
INSERT INTO Users (first_name,last_name,birth_date,email,username,password,Roles_role,Schools_id_school,approved) VALUES ("Yolanda", "Evans","1992-08-21","drusso@example.org", "YEvans","UDY52mdA","student","1","1");
INSERT INTO Users (first_name,last_name,birth_date,email,username,password,Roles_role,Schools_id_school,approved) VALUES ("Tracy", "Odom","1998-07-06","natashashaw@example.com", "TOdom","GynyIHFgi2fIa5","student","1","1");
INSERT INTO Users (first_name,last_name,birth_date,email,username,password,Roles_role,Schools_id_school,approved) VALUES ("Donna", "Dean","2002-12-15","khart@example.net", "DDean","9VpVzCRr","student","2","1");
INSERT INTO Users (first_name,last_name,birth_date,email,username,password,Roles_role,Schools_id_school,approved) VALUES ("Christy", "Woodward","1999-06-11","matthew89@example.org", "CWoodward","QzqUe5WkLpVn2","student","1","1");
INSERT INTO Users (first_name,last_name,birth_date,email,username,password,Roles_role,Schools_id_school,approved) VALUES ("Michael", "Mccarthy","2000-08-03","donna47@example.net", "MMccarthy","GZeSCpCT","student","3","1");
INSERT INTO Users (first_name,last_name,birth_date,email,username,password,Roles_role,Schools_id_school,approved) VALUES ("Paul", "Mcknight","2001-09-14","burtonchristopher@example.com", "PMcknight","MO4GsaMjwQ","student","2","1");
INSERT INTO Users (first_name,last_name,birth_date,email,username,password,Roles_role,Schools_id_school,approved) VALUES ("Fernando", "Warner","1995-10-09","richardrivera@example.net", "FWarner","19tGPSqibEZU7","student","1","1");
INSERT INTO Users (first_name,last_name,birth_date,email,username,password,Roles_role,Schools_id_school,approved) VALUES ("Angela", "Gonzalez","1995-09-14","amandascott@example.net", "AGonzalez","vEtCiE0s8ZS6vw","student","3","1");
INSERT INTO Users (first_name,last_name,birth_date,email,username,password,Roles_role,Schools_id_school,approved) VALUES ("Brian", "Williamson","2003-03-01","henrymarshall@example.org", "BWilliamson","zLzS5GtR0WK1pm","student","2","1");
INSERT INTO Users (first_name,last_name,birth_date,email,username,password,Roles_role,Schools_id_school,approved) VALUES ("Jason", "Harmon","2003-05-29","kallen@example.net", "JHarmon","qGkGiZMHW5I","student","3","1");
INSERT INTO Users (first_name,last_name,birth_date,email,username,password,Roles_role,Schools_id_school,approved) VALUES ("Tammy", "Montgomery","2001-03-05","esexton@example.org", "TMontgomery","6vqBtD6PHdYUm9q","student","2","1");
INSERT INTO Users (first_name,last_name,birth_date,email,username,password,Roles_role,Schools_id_school,approved) VALUES ("Mark", "Nunez","1998-09-24","zthompson@example.net", "MNunez","bmMg2qY8a","student","1","1");
INSERT INTO Users (first_name,last_name,birth_date,email,username,password,Roles_role,Schools_id_school,approved) VALUES ("Juan", "Holmes","1996-05-24","carlos29@example.com", "JHolmes","Nl69QxNZra","student","3","1");
INSERT INTO Users (first_name,last_name,birth_date,email,username,password,Roles_role,Schools_id_school,approved) VALUES ("Gerald", "Ford","1997-02-25","audrey68@example.org", "GFord","bM67k13t","student","1","1");
INSERT INTO Users (first_name,last_name,birth_date,email,username,password,Roles_role,Schools_id_school,approved) VALUES ("Ryan", "Walker","2003-01-04","bryce56@example.net", "RWalker","0FVx2wfLBYhSbX","student","1","1");
INSERT INTO Users (first_name,last_name,birth_date,email,username,password,Roles_role,Schools_id_school,approved) VALUES ("Michael", "Walker","2000-09-28","bdean@example.net", "MWalker","MIrwVn36","student","2","1");
INSERT INTO Users (first_name,last_name,birth_date,email,username,password,Roles_role,Schools_id_school,approved) VALUES ("Melissa", "Barnes","1993-01-04","patrickjenkins@example.com", "MBarnes","ulYlFQjNLGA","student","3","1");
INSERT INTO Users (first_name,last_name,birth_date,email,username,password,Roles_role,Schools_id_school,approved) VALUES ("Amanda", "Ross","1998-08-03","garrettmatthew@example.org", "ARoss","5adB5McPPP7","student","1","1");
INSERT INTO Users (first_name,last_name,birth_date,email,username,password,Roles_role,Schools_id_school,approved) VALUES ("Joe", "Thompson","1998-11-26","rogerszachary@example.net", "JThompson","fAtvO6O70NmTdviu","student","3","1");
INSERT INTO Users (first_name,last_name,birth_date,email,username,password,Roles_role,Schools_id_school,approved) VALUES ("April", "Ramirez","1997-08-10","molinaana@example.com", "ARamirez","FEM6vr5PeDZW","student","1","1");
INSERT INTO Users (first_name,last_name,birth_date,email,username,password,Roles_role,Schools_id_school,approved) VALUES ("Earl", "Williams","2002-10-14","kenneth70@example.net", "EWilliams","GqJTzMCAQ","student","1","1");
INSERT INTO Users (first_name,last_name,birth_date,email,username,password,Roles_role,Schools_id_school,approved) VALUES ("Jesse", "Burgess","1992-10-03","jonesbruce@example.org", "JBurgess","XiRQ08XYhLXh1l","student","3","1");
INSERT INTO Users (first_name,last_name,birth_date,email,username,password,Roles_role,Schools_id_school,approved) VALUES ("Chad", "Robinson","1998-09-03","antonio49@example.com", "CRobinson","sRUgRWBqrYhOwG0","student","3","1");
INSERT INTO Users (first_name,last_name,birth_date,email,username,password,Roles_role,Schools_id_school,approved) VALUES ("Kurt", "Nelson","1993-11-01","michaelbrown@example.com", "KNelson","acMaX9i4h","student","2","1");
INSERT INTO Users (first_name,last_name,birth_date,email,username,password,Roles_role,Schools_id_school,approved) VALUES ("Karen", "Thomas","1996-05-25","mark97@example.net", "KThomas","YE4buO0ifSzPLV","student","1","1");
INSERT INTO Users (first_name,last_name,birth_date,email,username,password,Roles_role,Schools_id_school,approved) VALUES ("Cameron", "Hernandez","1999-09-19","john18@example.org", "CHernandez","nA665bdM","student","2","1");
INSERT INTO Users (first_name,last_name,birth_date,email,username,password,Roles_role,Schools_id_school,approved) VALUES ("Nathaniel", "Delgado","1993-01-03","kevin94@example.net", "NDelgado","JUTtAz591I","student","1","1");
INSERT INTO Users (first_name,last_name,birth_date,email,username,password,Roles_role,Schools_id_school,approved) VALUES ("Michelle", "Miller","2001-05-20","nmason@example.com", "MMiller","4IjJ85iPnL9k1fK","student","2","1");
INSERT INTO Users (first_name,last_name,birth_date,email,username,password,Roles_role,Schools_id_school,approved) VALUES ("Seth", "Moore","1995-12-09","benjaminhughes@example.org", "SMoore","rqnzRa3O3dHX","student","1","1");
INSERT INTO Users (first_name,last_name,birth_date,email,username,password,Roles_role,Schools_id_school,approved) VALUES ("James", "Sampson","1994-02-05","lawsonjasmine@example.net", "JSampson","OsjXj1WG","student","1","1");
INSERT INTO Users (first_name,last_name,birth_date,email,username,password,Roles_role,Schools_id_school,approved) VALUES ("Mark", "Glover","1999-12-05","jreynolds@example.net", "MGlover","9vaV0u1jv","student","3","1");
INSERT INTO Users (first_name,last_name,birth_date,email,username,password,Roles_role,Schools_id_school,approved) VALUES ("Malik", "Yu","1997-05-31","sandra83@example.org", "MYu","fxnqCvRFE","student","3","1");
INSERT INTO Users (first_name,last_name,birth_date,email,username,password,Roles_role,Schools_id_school,approved) VALUES ("Bruce", "Perkins","2002-06-24","katherine36@example.net", "BPerkins","ffuCyXzIEJBHe6oj","student","3","1");
INSERT INTO Users (first_name,last_name,birth_date,email,username,password,Roles_role,Schools_id_school,approved) VALUES ("Donna", "Boone","1992-09-01","craig85@example.com", "DBoone","13Guj4ejjcyPKh","student","3","1");
INSERT INTO Users (first_name,last_name,birth_date,email,username,password,Roles_role,Schools_id_school,approved) VALUES ("Belinda", "Nelson","1997-05-15","jenkinsbrian@example.org", "BNelson","HrKtw8Q3U","student","2","1");
INSERT INTO Users (first_name,last_name,birth_date,email,username,password,Roles_role,Schools_id_school,approved) VALUES ("Summer", "Warner","2000-02-28","arielsimmons@example.net", "SWarner","L0uVQ5NDGwoXGc","student","3","1");
INSERT INTO Users (first_name,last_name,birth_date,email,username,password,Roles_role,Schools_id_school,approved) VALUES ("Daniel", "Smith","1997-06-24","reynoldsgwendolyn@example.net", "DSmith","YxvYGapKeEhxBX","student","3","1");
INSERT INTO Users (first_name,last_name,birth_date,email,username,password,Roles_role,Schools_id_school,approved) VALUES ("Eugene", "Payne","1998-07-10","smithrichard@example.net", "EPayne","IbHGhcKwc8x","student","1","1");
INSERT INTO Users (first_name,last_name,birth_date,email,username,password,Roles_role,Schools_id_school,approved) VALUES ("Gloria", "Ashley","2001-01-30","medwards@example.net", "GAshley","rFEW648AaZPXp","student","3","1");
INSERT INTO Users (first_name,last_name,birth_date,email,username,password,Roles_role,Schools_id_school,approved) VALUES ("Joseph", "Flynn","1996-08-06","leeerin@example.com", "JFlynn","VU4wRZ20YUk7cWV","student","2","1");
INSERT INTO Users (first_name,last_name,birth_date,email,username,password,Roles_role,Schools_id_school,approved) VALUES ("Allison", "Aguilar","1998-02-20","christopher40@example.org", "AAguilar","Q7k1ySsR4LEn6bTD","student","3","1");
INSERT INTO Users (first_name,last_name,birth_date,email,username,password,Roles_role,Schools_id_school,approved) VALUES ("John", "Moore","1998-07-31","warnerantonio@example.com", "JMoore","NCuLuBKX33","student","3","1");
INSERT INTO Users (first_name,last_name,birth_date,email,username,password,Roles_role,Schools_id_school,approved) VALUES ("Lisa", "Owens","1999-01-29","paulahopkins@example.net", "LOwens","GBzpxyspnq","student","1","1");
INSERT INTO Users (first_name,last_name,birth_date,email,username,password,Roles_role,Schools_id_school,approved) VALUES ("Christian", "Newman","1997-06-13","nicholasgarcia@example.org", "CNewman","L374x8DpMvNOjupj","student","2","1");
INSERT INTO Users (first_name,last_name,birth_date,email,username,password,Roles_role,Schools_id_school,approved) VALUES ("Sarah", "Jackson","2002-08-23","melindaclark@example.com", "SJackson","lITTMh57CEnSlMwM","student","1","1");
INSERT INTO Users (first_name,last_name,birth_date,email,username,password,Roles_role,Schools_id_school,approved) VALUES ("Ashley", "Rodriguez","1994-05-29","ashleysmith@example.org", "ARodriguez","IF5nsyrGm","student","2","1");
INSERT INTO Users (first_name,last_name,birth_date,email,username,password,Roles_role,Schools_id_school,approved) VALUES ("Max", "Fernandez","1998-09-26","parkerrobert@example.com", "MFernandez","uUbcm9mM1k2JDf","student","2","1");
INSERT INTO Users (first_name,last_name,birth_date,email,username,password,Roles_role,Schools_id_school,approved) VALUES ("Alexander", "Johnson","2002-02-26","brianwalker@example.net", "AJohnson","sSFA0u2RV7S3Syd3","student","1","1");
INSERT INTO Users (first_name,last_name,birth_date,email,username,password,Roles_role,Schools_id_school,approved) VALUES ("Tyler", "Peters","2003-03-26","morgan42@example.org", "TPeters","vkWrNUJC","student","2","1");
INSERT INTO Users (first_name,last_name,birth_date,email,username,password,Roles_role,Schools_id_school,approved) VALUES ("Barbara", "Miles","2001-05-27","edwardsgeorge@example.com", "BMiles","5A26Exo8RfUfYOfG","student","1","1");
INSERT INTO Users (first_name,last_name,birth_date,email,username,password,Roles_role,Schools_id_school,approved) VALUES ("Elizabeth", "Brown","1999-02-19","gbyrd@example.org", "EBrown","v9U0Mg5KpbcYg07U","student","2","1");
INSERT INTO Users (first_name,last_name,birth_date,email,username,password,Roles_role,Schools_id_school,approved) VALUES ("Brenda", "Nelson","1992-12-04","robertdominguez@example.com", "BNelson","0L3zTiX5K","student","3","1");
INSERT INTO Users (first_name,last_name,birth_date,email,username,password,Roles_role,Schools_id_school,approved) VALUES ("Michelle", "Flores","2002-12-28","tiffanykramer@example.net", "MFlores","934mrsk6lL8oii4o","student","2","1");
INSERT INTO Users (first_name,last_name,birth_date,email,username,password,Roles_role,Schools_id_school,approved) VALUES ("Crystal", "Walton","1997-07-10","williamsdustin@example.com", "CWalton","YtjVNrnfi51QA8l","student","1","1");
INSERT INTO Users (first_name,last_name,birth_date,email,username,password,Roles_role,Schools_id_school,approved) VALUES ("Mike", "Jones","1992-07-23","marieshields@example.net", "MJones","wIQERiW0","student","3","1");
INSERT INTO Users (first_name,last_name,birth_date,email,username,password,Roles_role,Schools_id_school,approved) VALUES ("Pamela", "Jacobson","1999-12-01","tammychavez@example.net", "PJacobson","f5USN2S3rYMV","student","1","1");
INSERT INTO Users (first_name,last_name,birth_date,email,username,password,Roles_role,Schools_id_school,approved) VALUES ("Rhonda", "Turner","2001-02-04","howardstephen@example.net", "RTurner","5j0nVKRa","student","2","1");
INSERT INTO Users (first_name,last_name,birth_date,email,username,password,Roles_role,Schools_id_school,approved) VALUES ("Scott", "Vargas","2002-06-05","thamilton@example.com", "SVargas","jFIcGu8oQl","student","2","1");
INSERT INTO Users (first_name,last_name,birth_date,email,username,password,Roles_role,Schools_id_school,approved) VALUES ("Tammy", "Brown","1999-08-08","youngjessica@example.org", "TBrown","Q4Co8POUrRTmg","student","2","1");
INSERT INTO Users (first_name,last_name,birth_date,email,username,password,Roles_role,Schools_id_school,approved) VALUES ("Anna", "Thomas","1943-06-15","thompsonjames@example.com", "AThomas","W4Acq9GFz6Y1t9","teacher","2","1");
INSERT INTO Users (first_name,last_name,birth_date,email,username,password,Roles_role,Schools_id_school,approved) VALUES ("Heidi", "Hodge","1965-07-09","jennifer00@example.net", "HHodge","L56nGisiWgNZq","teacher","3","1");
INSERT INTO Users (first_name,last_name,birth_date,email,username,password,Roles_role,Schools_id_school,approved) VALUES ("Justin", "Marshall","1988-12-31","estradajackson@example.org", "JMarshall","tgUe52RvEJ","teacher","1","1");
INSERT INTO Users (first_name,last_name,birth_date,email,username,password,Roles_role,Schools_id_school,approved) VALUES ("Crystal", "Johnson","1987-10-01","barnessergio@example.net", "CJohnson","BuNO6n9JEC3Hq","teacher","1","1");
INSERT INTO Users (first_name,last_name,birth_date,email,username,password,Roles_role,Schools_id_school,approved) VALUES ("Nathan", "Bartlett","1982-05-17","anthonyjackson@example.net", "NBartlett","6afU1zT0YQOaNF03","teacher","2","1");
INSERT INTO Users (first_name,last_name,birth_date,email,username,password,Roles_role,Schools_id_school,approved) VALUES ("Sherry", "Kramer","1972-09-30","margaretmay@example.org", "SKramer","UuT3em6KopZ","teacher","1","1");
INSERT INTO Users (first_name,last_name,birth_date,email,username,password,Roles_role,Schools_id_school,approved) VALUES ("Julie", "Henderson","1960-09-20","jwhite@example.org", "JHenderson","Cffu4G7FgtJsThJv","teacher","3","1");
INSERT INTO Users (first_name,last_name,birth_date,email,username,password,Roles_role,Schools_id_school,approved) VALUES ("Cynthia", "Johnson","1978-01-06","bradley37@example.net", "CJohnson","9ZMJLsCfMZy","teacher","2","1");
INSERT INTO Users (first_name,last_name,birth_date,email,username,password,Roles_role,Schools_id_school,approved) VALUES ("Shelby", "Robertson","1993-05-15","rachelthomas@example.com", "SRobertson","slm0lcNQqEe","teacher","1","1");
INSERT INTO Users (first_name,last_name,birth_date,email,username,password,Roles_role,Schools_id_school,approved) VALUES ("Stephanie", "White","1974-04-03","jared88@example.net", "SWhite","4j7c1f5S71","teacher","3","1");
INSERT INTO Users (first_name,last_name,birth_date,email,username,password,Roles_role,Schools_id_school,approved) VALUES ("Jason", "Harris","1951-04-14","michael33@example.com", "JHarris","1THrHZp2n5RL08","teacher","2","1");
INSERT INTO Users (first_name,last_name,birth_date,email,username,password,Roles_role,Schools_id_school,approved) VALUES ("Jose", "Johnson","1985-06-02","greenlaura@example.org", "JJohnson","CFQPS6YwfuNh","teacher","2","1");
INSERT INTO Users (first_name,last_name,birth_date,email,username,password,Roles_role,Schools_id_school,approved) VALUES ("Melissa", "Hall","1985-03-01","ebarker@example.net", "MHall","2mpbUrhToxYkv","teacher","2","1");
INSERT INTO Users (first_name,last_name,birth_date,email,username,password,Roles_role,Schools_id_school,approved) VALUES ("Randy", "Whitaker","1985-02-06","nnelson@example.com", "RWhitaker","gYj2Soc0","teacher","3","1");
INSERT INTO Users (first_name,last_name,birth_date,email,username,password,Roles_role,Schools_id_school,approved) VALUES ("Raymond", "Cook","1971-04-10","melissaanderson@example.com", "RCook","MRebhOmM1Khzfx1h","teacher","1","1");
INSERT INTO Users (first_name,last_name,birth_date,email,username,password,Roles_role,Schools_id_school,approved) VALUES ("Jacqueline", "Gates","1993-05-16","kaitlynreese@example.net", "JGates","m9lThEnU","teacher","1","1");
INSERT INTO Users (first_name,last_name,birth_date,email,username,password,Roles_role,Schools_id_school,approved) VALUES ("Benjamin", "Hanson","1950-03-18","sandersalexander@example.com", "BHanson","IBNg1qeo","teacher","1","1");
INSERT INTO Users (first_name,last_name,birth_date,email,username,password,Roles_role,Schools_id_school,approved) VALUES ("David", "Sellers","1949-07-16","brownrichard@example.org", "DSellers","wBldGDcMgSzm","teacher","2","1");
INSERT INTO Users (first_name,last_name,birth_date,email,username,password,Roles_role,Schools_id_school,approved) VALUES ("Nicole", "Hicks","1943-07-21","josephoneal@example.com", "NHicks","5UE156KkSRn9X","teacher","1","1");
INSERT INTO Users (first_name,last_name,birth_date,email,username,password,Roles_role,Schools_id_school,approved) VALUES ("Patrick", "Owens","1963-03-24","bhernandez@example.com", "POwens","2kvHqhM6CQ","teacher","1","1");
INSERT INTO Users (first_name,last_name,birth_date,email,username,password,Roles_role,Schools_id_school,approved) VALUES ("Teresa", "Woodward","1974-07-21","caleb14@example.com", "TWoodward","ERA5K3G6","teacher","2","1");
INSERT INTO Users (first_name,last_name,birth_date,email,username,password,Roles_role,Schools_id_school,approved) VALUES ("Nathan", "Lowe","1956-04-04","zbutler@example.net", "NLowe","y1QqjJSaDVfvV","teacher","1","1");
INSERT INTO Users (first_name,last_name,birth_date,email,username,password,Roles_role,Schools_id_school,approved) VALUES ("James", "Cooper","1949-07-01","jacksongallagher@example.net", "JCooper","ripW9EwNsRwL85O2","teacher","3","1");
INSERT INTO Users (first_name,last_name,birth_date,email,username,password,Roles_role,Schools_id_school,approved) VALUES ("Ashley", "Romero","1967-11-11","riverajeremy@example.org", "ARomero","TtyVA1PfaM","teacher","1","1");
INSERT INTO Users (first_name,last_name,birth_date,email,username,password,Roles_role,Schools_id_school,approved) VALUES ("Lauren", "Burns","1978-12-25","robertsrobert@example.net", "LBurns","kpoOCyT4RK3Ac","teacher","2","1");
INSERT INTO Users (first_name,last_name,birth_date,email,username,password,Roles_role,Schools_id_school,approved) VALUES ("Connie", "Mejia","1963-09-01","rjones@example.org", "CMejia","XQTckCeqSkCH4F","teacher","3","1");
INSERT INTO Users (first_name,last_name,birth_date,email,username,password,Roles_role,Schools_id_school,approved) VALUES ("Chelsea", "Smith","1963-08-28","charles40@example.net", "CSmith","4cFut1Dd","teacher","2","1");
INSERT INTO Users (first_name,last_name,birth_date,email,username,password,Roles_role,Schools_id_school,approved) VALUES ("Michelle", "Blair","1976-08-23","jerrycoleman@example.org", "MBlair","J9Of1Uiaz8R","teacher","2","1");
INSERT INTO Users (first_name,last_name,birth_date,email,username,password,Roles_role,Schools_id_school,approved) VALUES ("Daniel", "Moses","1981-04-24","bmartinez@example.net", "DMoses","anaTWa0RHNgmh","teacher","3","1");
INSERT INTO Users (first_name,last_name,birth_date,email,username,password,Roles_role,Schools_id_school,approved) VALUES ("Kayla", "Martinez","1972-08-14","swilson@example.org", "KMartinez","3trSlgE27zO","teacher","1","1");
INSERT INTO Users (first_name,last_name,birth_date,email,username,password,Roles_role,Schools_id_school,approved) VALUES ("John", "Dixon","1966-02-08","yangbrett@example.net", "JDixon","r6CZYh3q","teacher","1","1");
INSERT INTO Users (first_name,last_name,birth_date,email,username,password,Roles_role,Schools_id_school,approved) VALUES ("Jennifer", "Flowers","1989-06-07","vicki40@example.org", "JFlowers","0PPwh3jr2bccnRqJ","teacher","2","1");
INSERT INTO Users (first_name,last_name,birth_date,email,username,password,Roles_role,Schools_id_school,approved) VALUES ("John", "Hill","1977-12-12","csanders@example.org", "JHill","8K62c2V9SMPFT","teacher","3","1");
INSERT INTO Users (first_name,last_name,birth_date,email,username,password,Roles_role,Schools_id_school,approved) VALUES ("Ashley", "Peterson","1961-06-27","jlewis@example.net", "APeterson","OBx3IlnyLsaijrv","teacher","2","1");
INSERT INTO Users (first_name,last_name,birth_date,email,username,password,Roles_role,Schools_id_school,approved) VALUES ("Bianca", "Wilson","1969-02-06","lewiskimberly@example.com", "BWilson","TfvXNccrkjLsx","teacher","2","1");
INSERT INTO Users (first_name,last_name,birth_date,email,username,password,Roles_role,Schools_id_school,approved) VALUES ("Cole", "Kirk","1987-05-01","richard14@example.net", "CKirk","ishEUp7dtl2HUetz","teacher","2","1");
INSERT INTO Users (first_name,last_name,birth_date,email,username,password,Roles_role,Schools_id_school,approved) VALUES ("John", "Reeves","1983-07-07","qmorgan@example.net", "JReeves","AggJ6EEv1ZZv","teacher","1","1");
INSERT INTO Users (first_name,last_name,birth_date,email,username,password,Roles_role,Schools_id_school,approved) VALUES ("Warren", "Bowman","1977-11-07","colleen41@example.com", "WBowman","hSFBctvVR5j6kOK","teacher","2","1");
INSERT INTO Users (first_name,last_name,birth_date,email,username,password,Roles_role,Schools_id_school,approved) VALUES ("Scott", "Smith","1967-11-23","llogan@example.net", "SSmith","eZfmVodya","teacher","1","1");
INSERT INTO Users (first_name,last_name,birth_date,email,username,password,Roles_role,Schools_id_school,approved) VALUES ("Daniel", "Wolf","1959-01-22","ashley41@example.org", "DWolf","JHsC6FYLTRnBfx","teacher","1","1");
INSERT INTO Users (first_name,last_name,birth_date,email,username,password,Roles_role,Schools_id_school,approved) VALUES ("Jennifer", "Weber","1958-04-01","rhondastanley@example.net", "JWeber","LXkBmwhe032S","teacher","1","1");
INSERT INTO Users (first_name,last_name,birth_date,email,username,password,Roles_role,Schools_id_school,approved) VALUES ("Jesse", "Strickland","1985-08-04","jessica88@example.net", "JStrickland","CWRmhFzqnPc8ZnNj","teacher","1","1");
INSERT INTO Users (first_name,last_name,birth_date,email,username,password,Roles_role,Schools_id_school,approved) VALUES ("Willie", "Duran","1967-06-12","tammygreer@example.org", "WDuran","DyxI0jgMFjK","teacher","2","1");
INSERT INTO Users (first_name,last_name,birth_date,email,username,password,Roles_role,Schools_id_school,approved) VALUES ("Michael", "Davis","1987-03-08","andre87@example.net", "MDavis","4HFR64u1FFOQ3m","teacher","3","1");
INSERT INTO Users (first_name,last_name,birth_date,email,username,password,Roles_role,Schools_id_school,approved) VALUES ("Lisa", "Rose","1961-12-14","adam48@example.org", "LRose","avT9V5u0ucH","teacher","1","1");
INSERT INTO Users (first_name,last_name,birth_date,email,username,password,Roles_role,Schools_id_school,approved) VALUES ("Kari", "Jensen","1957-08-18","rileychristopher@example.net", "KJensen","MYj1yLsTTZEe","teacher","1","1");
INSERT INTO Users (first_name,last_name,birth_date,email,username,password,Roles_role,Schools_id_school,approved) VALUES ("Parker", "Norton","1969-06-07","amber51@example.net", "PNorton","36ceoictaW2Cv3kZ","teacher","1","1");
INSERT INTO Users (first_name,last_name,birth_date,email,username,password,Roles_role,Schools_id_school,approved) VALUES ("Donald", "Mccormick","1965-01-09","williamsalexander@example.net", "DMccormick","9xGy5HGcKfRYZHW","teacher","3","1");
INSERT INTO Users (first_name,last_name,birth_date,email,username,password,Roles_role,Schools_id_school,approved) VALUES ("William", "Smith","1961-07-09","johnsonrobert@example.org", "WSmith","VB5WnsI5M","teacher","2","1");
INSERT INTO Users (first_name,last_name,birth_date,email,username,password,Roles_role,Schools_id_school,approved) VALUES ("Destiny", "Gill","1958-10-13","riveramichael@example.net", "DGill","2YyMLo23ZbQ4aVl","teacher","2","1");



INSERT INTO Books (ISBN,title,publication_date,publisher,number_of_pages,summary,available_copies,language,keywords,Schools_id_school) VALUES ("7776790190029", "For Fascinating Biography","2002-02-04","Celestial Publishing","719","Doctor available central boy wall subject. Create painting east space instead whole television. Practice sort front involve. Right bar respond ready choose perhaps American. Might free agree story for describe staff.","4","Japanese","keywords of For Fascinating Biography","2");
INSERT INTO Books (ISBN,title,publication_date,publisher,number_of_pages,summary,available_copies,language,keywords,Schools_id_school) VALUES ("1710475945045", "At Amazing Thriller","1985-06-26","Twilight House","391","Wish size as. Early night democratic how alone politics. Position act site. Management success candidate change four. Citizen almost particularly arrive future.","1","Japanese","keywords of At Amazing Thriller","3");
INSERT INTO Books (ISBN,title,publication_date,publisher,number_of_pages,summary,available_copies,language,keywords,Schools_id_school) VALUES ("9549180827234", "Of Incredible Romance","1990-06-20","Twilight House","364","Attention fly hope say song TV administration. Begin even nearly firm wish piece experience few. Hear week benefit talk strong nearly cost. Same hot it thing reflect. Home first class response.","5","Portuguese","keywords of Of Incredible Romance","3");
INSERT INTO Books (ISBN,title,publication_date,publisher,number_of_pages,summary,available_copies,language,keywords,Schools_id_school) VALUES ("7298469024260", "From Amazing Adventure","2016-07-23","Crystal Books","450","Sea Congress focus door. Forget question store old. Little reality deal who window Democrat decide. Maybe artist answer learn view. Nor beat person bank once.","2","Japanese","keywords of From Amazing Adventure","1");
INSERT INTO Books (ISBN,title,publication_date,publisher,number_of_pages,summary,available_copies,language,keywords,Schools_id_school) VALUES ("4843601077779", "About Fascinating Thriller","1976-12-14","Stellar Publishing","868","Mission design between me goal. Per admit say red tough build room. Reveal let technology despite field. Note in relate. Wonder according herself him Mrs let.","5","French","keywords of About Fascinating Thriller","3");
INSERT INTO Books (ISBN,title,publication_date,publisher,number_of_pages,summary,available_copies,language,keywords,Schools_id_school) VALUES ("3450298972278", "About Brilliant Thriller","2014-12-09","Shadowland Publishers","493","Off arm benefit. Hour stock question reflect who blue best hard. History enjoy answer hear anyone music nearly. Join lawyer control TV base PM maybe. Smile site seem big pay within in.","3","Russian","keywords of About Brilliant Thriller","1");
INSERT INTO Books (ISBN,title,publication_date,publisher,number_of_pages,summary,available_copies,language,keywords,Schools_id_school) VALUES ("3457931777651", "By Fascinating Adventure","1989-11-28","Celestial Publishing","521","Important north your work fund old team. Include lot former. Culture want record court color result. Hit high though could so. Group goal reflect treatment believe theory participant team.","5","German","keywords of By Fascinating Adventure","1");
INSERT INTO Books (ISBN,title,publication_date,publisher,number_of_pages,summary,available_copies,language,keywords,Schools_id_school) VALUES ("2669693465209", "Out Fascinating History","1980-12-12","Crystal Books","641","Lead room relationship heart arrive experience all successful. Let sometimes though then like. Know course while know firm. Should walk win mother respond talk explain avoid. Fire hair two prevent free impact cause.","2","German","keywords of Out Fascinating History","3");
INSERT INTO Books (ISBN,title,publication_date,publisher,number_of_pages,summary,available_copies,language,keywords,Schools_id_school) VALUES ("3585150118155", "A Brilliant History","2004-06-04","Crystal Books","742","Film score turn give. Art seven above tax cup to. Explain evidence game natural attention method especially. Simply race response poor success recently. Easy save free everything.","4","English","keywords of A Brilliant History","3");
INSERT INTO Books (ISBN,title,publication_date,publisher,number_of_pages,summary,available_copies,language,keywords,Schools_id_school) VALUES ("2736498861273", "Of Amazing Adventure","2004-07-21","Starlight Publications","685","Agreement because me. Page return take economic evening day. Improve why plan simple. Sort seven indeed sell. Billion spring reflect least fund will.","2","Mandarin","keywords of Of Amazing Adventure","1");
INSERT INTO Books (ISBN,title,publication_date,publisher,number_of_pages,summary,available_copies,language,keywords,Schools_id_school) VALUES ("2300214726907", "Of Wonderful Mystery","1979-09-20","Whispering Willow Publishing","179","Improve wear business tax training. Particular seat buy best century well green deep. Receive popular ability entire author perform share. Make partner strong artist star task. That take mean risk.","5","Russian","keywords of Of Wonderful Mystery","1");
INSERT INTO Books (ISBN,title,publication_date,publisher,number_of_pages,summary,available_copies,language,keywords,Schools_id_school) VALUES ("6809733472810", "By Incredible Biography","2011-04-02","Arcadia Press","984","Level hot political. Near occur however miss world ask north. For hard and event. Record street point read. Try loss evidence party big suggest along.","5","Spanish","keywords of By Incredible Biography","1");
INSERT INTO Books (ISBN,title,publication_date,publisher,number_of_pages,summary,available_copies,language,keywords,Schools_id_school) VALUES ("7223840120308", "About Brilliant Adventure","2009-01-04","Enigma Press","551","Always dream ground benefit behind pay draw. List big knowledge right yeah science. Development explain manage move section employee. Road care song strategy song church treat. Appear conference person race state.","1","Japanese","keywords of About Brilliant Adventure","3");
INSERT INTO Books (ISBN,title,publication_date,publisher,number_of_pages,summary,available_copies,language,keywords,Schools_id_school) VALUES ("6563847402146", "Out Wonderful Mystery","2001-07-30","Whispering Willow Publishing","378","Country such bank consumer middle. Information consumer left pretty. Car ask magazine grow. Reduce dog factor once. Voice prepare case man.","3","Japanese","keywords of Out Wonderful Mystery","2");
INSERT INTO Books (ISBN,title,publication_date,publisher,number_of_pages,summary,available_copies,language,keywords,Schools_id_school) VALUES ("4598808979388", "For Fantastic Biography","2007-09-25","Shadowland Publishers","435","Company where read must forward agree front small. Animal coach finish control learn feeling. Gun gun indicate field small scene. Get natural network door commercial include. Partner design relationship charge.","1","Mandarin","keywords of For Fantastic Biography","1");
INSERT INTO Books (ISBN,title,publication_date,publisher,number_of_pages,summary,available_copies,language,keywords,Schools_id_school) VALUES ("8788824449030", "For Brilliant Horror","2010-08-10","Arcadia Press","111","Skill media beautiful company heavy. Painting number policy stuff. Apply available gun painting high television. Side late agent important. Coach as cut imagine.","3","German","keywords of For Brilliant Horror","2");
INSERT INTO Books (ISBN,title,publication_date,publisher,number_of_pages,summary,available_copies,language,keywords,Schools_id_school) VALUES ("2096335466435", "And Amazing Biography","2006-10-24","Whispering Willow Publishing","546","Sport improve system shake tree. Particularly manager media theory. Best wife remain. Include during church rise enter half. Use detail top campaign.","4","English","keywords of And Amazing Biography","3");
INSERT INTO Books (ISBN,title,publication_date,publisher,number_of_pages,summary,available_copies,language,keywords,Schools_id_school) VALUES ("2640737815720", "Out Wonderful Fantasy","1993-01-03","Arcadia Press","463","State major true training wear produce. Resource necessary table level find thousand. Drive owner must mother shoulder catch certainly. Action plant bill project. Last mission model at consumer left.","5","French","keywords of Out Wonderful Fantasy","3");
INSERT INTO Books (ISBN,title,publication_date,publisher,number_of_pages,summary,available_copies,language,keywords,Schools_id_school) VALUES ("6862061717290", "A Amazing History","2022-02-05","Twilight House","435","Final color soon speech wind doctor. Catch person natural much. Let the book special those summer although. Speech factor sort however ball security but. Individual long center plan bad film how.","1","Japanese","keywords of A Amazing History","2");
INSERT INTO Books (ISBN,title,publication_date,publisher,number_of_pages,summary,available_copies,language,keywords,Schools_id_school) VALUES ("2107545240552", "With Amazing Horror","1988-04-17","Celestial Publishing","238","State forward past. Year too grow store. Father measure spend certain yet board. Eight arm others inside. Realize indicate clear stand major.","1","Spanish","keywords of With Amazing Horror","3");
INSERT INTO Books (ISBN,title,publication_date,publisher,number_of_pages,summary,available_copies,language,keywords,Schools_id_school) VALUES ("4902267744847", "And Incredible Mystery","1977-02-01","Crystal Books","469","Before poor same determine produce. Together still program mission it what. Manage range side group major market. Bar value mean professional improve computer. Sound thousand blood trouble.","1","Spanish","keywords of And Incredible Mystery","1");
INSERT INTO Books (ISBN,title,publication_date,publisher,number_of_pages,summary,available_copies,language,keywords,Schools_id_school) VALUES ("3508121487314", "Into Magnificent Mystery","2003-03-08","Moonstone Books","787","Decision fire house line forward future concern. Research fine part start we growth. Now protect back worker personal human. Reduce leader present six read order hotel interview. Each local successful American sure.","5","Russian","keywords of Into Magnificent Mystery","1");
INSERT INTO Books (ISBN,title,publication_date,publisher,number_of_pages,summary,available_copies,language,keywords,Schools_id_school) VALUES ("2603946816068", "Of Fascinating Biography","2002-07-19","Crystal Books","961","Tree between article science four become party. Drop near garden with. Answer agent do lose respond try report. Radio forward organization put. Rest identify yourself while late night hope.","1","Arabic","keywords of Of Fascinating Biography","2");
INSERT INTO Books (ISBN,title,publication_date,publisher,number_of_pages,summary,available_copies,language,keywords,Schools_id_school) VALUES ("9611120951947", "An Brilliant Biography","2010-06-30","Enigma Press","883","Benefit lawyer south compare read nearly pattern. Term fight there else toward day. Defense PM region open pattern item capital. Cell why garden. Young everybody conference wind question fly suddenly.","3","Japanese","keywords of An Brilliant Biography","3");
INSERT INTO Books (ISBN,title,publication_date,publisher,number_of_pages,summary,available_copies,language,keywords,Schools_id_school) VALUES ("6300458043153", "Of Amazing History","2019-04-18","Enigma Press","709","Leave wait arrive lead western plant sure wait. Go management such offer ask. New town hard would instead food now. Hour treat where part minute much. Hold decade population trade response.","2","Japanese","keywords of Of Amazing History","2");
INSERT INTO Books (ISBN,title,publication_date,publisher,number_of_pages,summary,available_copies,language,keywords,Schools_id_school) VALUES ("6121968691639", "Into Fascinating Adventure","2020-08-28","Celestial Publishing","161","Hard ask sound later relationship. Job sit cut allow little girl. Financial truth owner response possible fine onto. Case control media paper training. Challenge agree Mr white theory soldier PM.","2","French","keywords of Into Fascinating Adventure","1");
INSERT INTO Books (ISBN,title,publication_date,publisher,number_of_pages,summary,available_copies,language,keywords,Schools_id_school) VALUES ("3197762946429", "About Wonderful Romance","2008-06-16","Arcadia Press","822","Able so between safe age. Oil raise special industry. Let pay place report. Carry scene magazine view however stuff keep. Town clearly task page keep.","1","Portuguese","keywords of About Wonderful Romance","1");
INSERT INTO Books (ISBN,title,publication_date,publisher,number_of_pages,summary,available_copies,language,keywords,Schools_id_school) VALUES ("6852096697962", "An Wonderful Mystery","1990-09-20","Celestial Publishing","807","Expect care moment summer experience report. Member yourself smile election phone let open. Nice them baby that power sound much always. Small quality those. Because often pass movement.","4","French","keywords of An Wonderful Mystery","2");
INSERT INTO Books (ISBN,title,publication_date,publisher,number_of_pages,summary,available_copies,language,keywords,Schools_id_school) VALUES ("4575733290689", "In Wonderful Adventure","1974-12-08","Shadowland Publishers","932","Because culture staff case my pretty particular. Drop environmental method. Issue American story. Term employee laugh pay before. Itself avoid both half hospital.","1","Spanish","keywords of In Wonderful Adventure","3");
INSERT INTO Books (ISBN,title,publication_date,publisher,number_of_pages,summary,available_copies,language,keywords,Schools_id_school) VALUES ("6061995270775", "By Wonderful Thriller","2017-07-21","Enigma Press","932","Year head close push. Drug skin piece instead issue general. Suggest lawyer region media. Social prepare few final. Discussion despite church stage box shake.","3","German","keywords of By Wonderful Thriller","2");
INSERT INTO Books (ISBN,title,publication_date,publisher,number_of_pages,summary,available_copies,language,keywords,Schools_id_school) VALUES ("2612523949317", "The Incredible Science Fiction","1980-09-28","Crystal Books","817","Nearly together improve speech various. Race course person return woman despite. Operation pass each mission. Social enter should understand. Child safe energy third believe suggest.","3","Mandarin","keywords of The Incredible Science Fiction","3");
INSERT INTO Books (ISBN,title,publication_date,publisher,number_of_pages,summary,available_copies,language,keywords,Schools_id_school) VALUES ("6576520688037", "An Fantastic Fantasy","2014-11-12","Arcadia Press","258","Visit unit audience prepare. Issue artist work study. Physical ready money star partner. Process lot attention watch guy feel. Break identify letter which policy stop.","4","Portuguese","keywords of An Fantastic Fantasy","1");
INSERT INTO Books (ISBN,title,publication_date,publisher,number_of_pages,summary,available_copies,language,keywords,Schools_id_school) VALUES ("5258784992626", "The Incredible Mystery","1991-12-24","Stellar Publishing","747","Organization with development live discover describe. Student to enjoy claim issue. On indeed exactly money especially tell the face. Involve book defense. Low deal investment industry common.","5","French","keywords of The Incredible Mystery","3");
INSERT INTO Books (ISBN,title,publication_date,publisher,number_of_pages,summary,available_copies,language,keywords,Schools_id_school) VALUES ("4235357329612", "The Magnificent Science Fiction","2019-05-14","Celestial Publishing","134","Message their able home a. At believe president sing actually method. Trouble yet character long pull. Civil lot remember control PM cut. Forget practice on trip can attorney social.","3","Spanish","keywords of The Magnificent Science Fiction","1");
INSERT INTO Books (ISBN,title,publication_date,publisher,number_of_pages,summary,available_copies,language,keywords,Schools_id_school) VALUES ("1580622582197", "The Incredible Thriller","2004-03-14","Arcadia Press","725","Partner area suffer agree poor life on. Of activity street type return. Imagine form age parent base go person. Right order arrive debate either reflect form bed. Partner recently probably red development follow worker.","2","Russian","keywords of The Incredible Thriller","3");
INSERT INTO Books (ISBN,title,publication_date,publisher,number_of_pages,summary,available_copies,language,keywords,Schools_id_school) VALUES ("5576960500855", "To Captivating Mystery","1982-06-07","Enigma Press","826","Hold other thus central dog center. Reflect nature worker open change traditional scientist character. Administration new pull success. Home defense system season draw at. Forward debate citizen director apply girl.","3","French","keywords of To Captivating Mystery","2");
INSERT INTO Books (ISBN,title,publication_date,publisher,number_of_pages,summary,available_copies,language,keywords,Schools_id_school) VALUES ("2213227462524", "Of Amazing Fantasy","2014-02-05","Celestial Publishing","158","Main big thing suffer. Discuss election owner prepare research film. Rock provide ask laugh. Local ground social expert some necessary. Town ahead could.","5","Spanish","keywords of Of Amazing Fantasy","3");
INSERT INTO Books (ISBN,title,publication_date,publisher,number_of_pages,summary,available_copies,language,keywords,Schools_id_school) VALUES ("3292471452856", "By Wonderful History","1998-03-05","Crystal Books","102","City provide great seek goal play. Doctor air blood firm whom trip artist. Boy relate consider end person them even direction. Now any current reveal detail. Degree own short manage.","1","Spanish","keywords of By Wonderful History","2");
INSERT INTO Books (ISBN,title,publication_date,publisher,number_of_pages,summary,available_copies,language,keywords,Schools_id_school) VALUES ("3632285685227", "For Magnificent Horror","1974-11-14","Shadowland Publishers","460","Read federal much parent child. Or throughout health property attack kind. Base light half meet respond check whose. Style really agency current data election science under. Side east us level long.","5","Russian","keywords of For Magnificent Horror","2");
INSERT INTO Books (ISBN,title,publication_date,publisher,number_of_pages,summary,available_copies,language,keywords,Schools_id_school) VALUES ("1682570724040", "From Fantastic Mystery","2004-07-21","Whispering Willow Publishing","624","Fight training impact cold. Win let high begin feeling wife picture. Radio service example many. Significant Democrat while. National meet effort research bill.","3","Spanish","keywords of From Fantastic Mystery","1");
INSERT INTO Books (ISBN,title,publication_date,publisher,number_of_pages,summary,available_copies,language,keywords,Schools_id_school) VALUES ("2412367612200", "In Magnificent Thriller","1979-06-09","Crystal Books","123","Stay civil floor feel huge according question direction. Set enter really trip hot describe thing. Help successful certain two. Trial major southern lawyer. Enjoy garden study continue clearly.","2","French","keywords of In Magnificent Thriller","1");
INSERT INTO Books (ISBN,title,publication_date,publisher,number_of_pages,summary,available_copies,language,keywords,Schools_id_school) VALUES ("5143834392101", "At Fantastic Thriller","1982-07-28","Crystal Books","722","Strong owner magazine wish west brother. Policy nor theory rest recently. But per south sister. College us seek shake either. Voice could space song then young whole.","2","English","keywords of At Fantastic Thriller","2");
INSERT INTO Books (ISBN,title,publication_date,publisher,number_of_pages,summary,available_copies,language,keywords,Schools_id_school) VALUES ("4787514702227", "On Wonderful Horror","1999-09-20","Stellar Publishing","815","Sit ahead that shoulder thousand. Expect most support fall crime health. Technology baby share region. Design school most challenge shake per. Number cold song may.","3","Japanese","keywords of On Wonderful Horror","1");
INSERT INTO Books (ISBN,title,publication_date,publisher,number_of_pages,summary,available_copies,language,keywords,Schools_id_school) VALUES ("8378538056308", "On Incredible Thriller","1981-02-10","Shadowland Publishers","885","Simply beyond name truth by. Play Mr perhaps could next source sea. Enjoy increase participant fall five seven. Executive movie certain realize military. Office campaign part where.","2","Arabic","keywords of On Incredible Thriller","1");
INSERT INTO Books (ISBN,title,publication_date,publisher,number_of_pages,summary,available_copies,language,keywords,Schools_id_school) VALUES ("5842917913714", "For Wonderful Biography","2000-12-30","Whispering Willow Publishing","155","Break full might. Film above war lay security out only. Financial ago pattern onto drop nation. Such rise relationship entire. Mention crime cut while.","4","Arabic","keywords of For Wonderful Biography","3");
INSERT INTO Books (ISBN,title,publication_date,publisher,number_of_pages,summary,available_copies,language,keywords,Schools_id_school) VALUES ("9664884189825", "A Fantastic Adventure","1993-03-26","Shadowland Publishers","874","Why speech car baby goal still. Fear performance positive blue others situation. Already situation than maybe. Well environmental lose east happen. Put interest score public medical trade after.","3","Mandarin","keywords of A Fantastic Adventure","3");
INSERT INTO Books (ISBN,title,publication_date,publisher,number_of_pages,summary,available_copies,language,keywords,Schools_id_school) VALUES ("7286944459354", "At Brilliant Mystery","1987-11-02","Arcadia Press","522","Peace fall article including within position green. Question truth however least result example order soon. Store power value beyond. Share newspaper teach fund. Me travel throughout strong old.","2","English","keywords of At Brilliant Mystery","2");
INSERT INTO Books (ISBN,title,publication_date,publisher,number_of_pages,summary,available_copies,language,keywords,Schools_id_school) VALUES ("6704070358384", "Of Fascinating Romance","2001-04-30","Twilight House","295","Society fight protect how. Be of day fish who perform. Item teach movie be it wonder believe. Major guy view wall. Window local subject herself recent someone.","4","Spanish","keywords of Of Fascinating Romance","2");
INSERT INTO Books (ISBN,title,publication_date,publisher,number_of_pages,summary,available_copies,language,keywords,Schools_id_school) VALUES ("3029856447110", "Into Fantastic Biography","2021-12-29","Moonstone Books","226","Late hit sea blue indicate actually. Prove space yet already interview. Time thousand leg camera child rather finally certainly. Force can strategy quite. Adult maybe mean continue operation six field.","1","Arabic","keywords of Into Fantastic Biography","1");
INSERT INTO Books (ISBN,title,publication_date,publisher,number_of_pages,summary,available_copies,language,keywords,Schools_id_school) VALUES ("6899696559623", "For Wonderful Mystery","2016-05-03","Enigma Press","513","Because everything tell radio. Prepare fund collection. Entire evening nation investment total successful produce. Much benefit her commercial ok. Early yeah reason.","5","English","keywords of For Wonderful Mystery","2");
INSERT INTO Books (ISBN,title,publication_date,publisher,number_of_pages,summary,available_copies,language,keywords,Schools_id_school) VALUES ("4349409104130", "On Captivating Science Fiction","1977-07-02","Arcadia Press","909","Number along western fund during. That western majority move me why responsibility this. Customer see pick exist hard though camera. Seem those painting girl note machine themselves. Within theory mean audience.","5","Russian","keywords of On Captivating Science Fiction","2");
INSERT INTO Books (ISBN,title,publication_date,publisher,number_of_pages,summary,available_copies,language,keywords,Schools_id_school) VALUES ("1284511671597", "A Fascinating Biography","2014-11-13","Moonstone Books","978","Finally team fill produce director civil teach. Dream gas charge board eat interest. Hot receive put laugh. Arrive sometimes from interesting much. Paper store than occur thus myself.","1","Portuguese","keywords of A Fascinating Biography","2");
INSERT INTO Books (ISBN,title,publication_date,publisher,number_of_pages,summary,available_copies,language,keywords,Schools_id_school) VALUES ("5770555420850", "The Fascinating Science Fiction","1997-03-14","Twilight House","128","Season authority foot parent. Matter public successful nation information because even. Series who maybe into energy. International yeah assume. Population later officer blood sure.","5","Spanish","keywords of The Fascinating Science Fiction","1");
INSERT INTO Books (ISBN,title,publication_date,publisher,number_of_pages,summary,available_copies,language,keywords,Schools_id_school) VALUES ("7542182062612", "Out Incredible Science Fiction","1982-05-22","Crystal Books","467","Shoulder or glass message. Husband together town glass single father because. Rate run mind end position better sell. Effort board another together. Individual result so find.","1","Russian","keywords of Out Incredible Science Fiction","1");
INSERT INTO Books (ISBN,title,publication_date,publisher,number_of_pages,summary,available_copies,language,keywords,Schools_id_school) VALUES ("4001299880504", "For Captivating Mystery","1993-12-25","Enigma Press","628","Protect word dinner walk seven customer drive. Floor upon forget military scene build man field. Network notice I blue new together before. Music leader keep production seem. Itself watch will.","3","English","keywords of For Captivating Mystery","1");
INSERT INTO Books (ISBN,title,publication_date,publisher,number_of_pages,summary,available_copies,language,keywords,Schools_id_school) VALUES ("8496146163421", "To Brilliant Romance","1997-07-11","Whispering Willow Publishing","445","Magazine year page part sit eat tough start. Station phone be region girl contain executive. Election rest born protect TV old since. Enjoy interest fine establish everything. Today area off former.","2","Portuguese","keywords of To Brilliant Romance","3");
INSERT INTO Books (ISBN,title,publication_date,publisher,number_of_pages,summary,available_copies,language,keywords,Schools_id_school) VALUES ("2094426013251", "In Fantastic History","1982-10-17","Enigma Press","264","Detail term form if should. Budget within risk. Sound during better situation. Particular staff deal loss main between. Who charge true audience always positive.","2","French","keywords of In Fantastic History","3");
INSERT INTO Books (ISBN,title,publication_date,publisher,number_of_pages,summary,available_copies,language,keywords,Schools_id_school) VALUES ("4851287169798", "At Fantastic Biography","2015-09-13","Starlight Publications","999","Main start cell last challenge send box. Official subject certain production week. Evening lead instead he night good. Can south message discover theory gun condition. Start mean question myself.","5","Arabic","keywords of At Fantastic Biography","1");
INSERT INTO Books (ISBN,title,publication_date,publisher,number_of_pages,summary,available_copies,language,keywords,Schools_id_school) VALUES ("2304298198764", "Into Fantastic Fantasy","2000-06-01","Arcadia Press","740","Address spring remember just front test. Reveal opportunity option page hair detail. Resource else wait rich fast return. Within study memory rest. Concern not leader maybe example authority.","4","English","keywords of Into Fantastic Fantasy","1");
INSERT INTO Books (ISBN,title,publication_date,publisher,number_of_pages,summary,available_copies,language,keywords,Schools_id_school) VALUES ("3186253015528", "Out Wonderful Horror","2009-03-09","Starlight Publications","750","Drive according agency win election lead. Him dark far if news special wide. Church later future me recognize bring mention decade. Present skill picture win staff sister job. Simply think could around blood sort.","3","Arabic","keywords of Out Wonderful Horror","1");
INSERT INTO Books (ISBN,title,publication_date,publisher,number_of_pages,summary,available_copies,language,keywords,Schools_id_school) VALUES ("4318442056368", "Of Wonderful History","2019-03-12","Starlight Publications","460","Always weight card college. However peace piece able speech leave. Life try ability writer could deal. Perhaps water entire scene if. Forget senior least deep.","2","French","keywords of Of Wonderful History","2");
INSERT INTO Books (ISBN,title,publication_date,publisher,number_of_pages,summary,available_copies,language,keywords,Schools_id_school) VALUES ("3107007674143", "An Captivating Fantasy","1987-05-18","Arcadia Press","472","Nor maintain pull charge late machine employee. Wait whose he husband get reality none environmental. Reality nearly why phone. Product civil difficult news admit certain style. As himself meeting appear bag teacher investment beyond.","5","French","keywords of An Captivating Fantasy","2");
INSERT INTO Books (ISBN,title,publication_date,publisher,number_of_pages,summary,available_copies,language,keywords,Schools_id_school) VALUES ("2607998000341", "For Amazing History","1982-11-26","Shadowland Publishers","889","Idea window or soon section. Product animal some new. Not represent purpose whom. Popular address most research mean bank. Teacher we sing painting church stock.","1","French","keywords of For Amazing History","3");
INSERT INTO Books (ISBN,title,publication_date,publisher,number_of_pages,summary,available_copies,language,keywords,Schools_id_school) VALUES ("3044320752545", "Out Amazing Fantasy","1983-10-12","Stellar Publishing","803","Address rest fly offer my. Talk first local interview government any. Tree charge whether institution necessary color time statement. Ok discuss woman thing process available. Sure blood war like step rate.","4","French","keywords of Out Amazing Fantasy","1");
INSERT INTO Books (ISBN,title,publication_date,publisher,number_of_pages,summary,available_copies,language,keywords,Schools_id_school) VALUES ("4423181863031", "For Brilliant Romance","2017-08-08","Stellar Publishing","125","Beyond friend sea visit book. Remember material special toward truth reality. Strategy miss less despite friend blood ten. Guess consumer reality mission. Believe nearly tough know nor address half.","3","Portuguese","keywords of For Brilliant Romance","1");
INSERT INTO Books (ISBN,title,publication_date,publisher,number_of_pages,summary,available_copies,language,keywords,Schools_id_school) VALUES ("9427257960442", "Of Fascinating History","2000-05-27","Stellar Publishing","148","Commercial themselves anything five give truth marriage. Camera they seek hair director stock edge allow. Admit sure space usually everyone person if. Hospital part little before yes level school. Two soon cultural girl sometimes.","1","Swahili","keywords of Of Fascinating History","3");
INSERT INTO Books (ISBN,title,publication_date,publisher,number_of_pages,summary,available_copies,language,keywords,Schools_id_school) VALUES ("2077181004443", "At Magnificent Adventure","2011-01-14","Enigma Press","897","End Mrs window financial care much. Lot talk free reflect. Pay leave bar lose. Dog lawyer charge. Guess spring audience road energy but.","2","Japanese","keywords of At Magnificent Adventure","1");
INSERT INTO Books (ISBN,title,publication_date,publisher,number_of_pages,summary,available_copies,language,keywords,Schools_id_school) VALUES ("2229476994082", "In Magnificent Adventure","2022-11-23","Whispering Willow Publishing","546","Each third never clearly hundred vote. Score direction strong old class reveal. Statement phone just share number radio. Create later open strong technology public. Red cup whole lead blood next.","5","Arabic","keywords of In Magnificent Adventure","3");
INSERT INTO Books (ISBN,title,publication_date,publisher,number_of_pages,summary,available_copies,language,keywords,Schools_id_school) VALUES ("2263668839545", "The Magnificent Biography","2021-01-07","Starlight Publications","241","Recent always career middle. Maybe indeed serve quite audience understand happen. Must big clearly education. Find realize toward apply. Those plan difficult road hair.","3","Portuguese","keywords of The Magnificent Biography","1");
INSERT INTO Books (ISBN,title,publication_date,publisher,number_of_pages,summary,available_copies,language,keywords,Schools_id_school) VALUES ("6298473200792", "At Captivating Mystery","2014-01-03","Celestial Publishing","509","Question prove often church. Mr development start company respond rock foreign. Partner respond exactly consumer. Recent back effect business. Ever deep join wife store skin approach across.","1","French","keywords of At Captivating Mystery","2");
INSERT INTO Books (ISBN,title,publication_date,publisher,number_of_pages,summary,available_copies,language,keywords,Schools_id_school) VALUES ("8672316091800", "With Wonderful Romance","1983-09-30","Shadowland Publishers","774","Product space training agreement state question. Office top laugh picture actually company small single. Painting five simple do government. How yet fine stand dinner town prepare. Guy several dark senior option exactly.","3","Spanish","keywords of With Wonderful Romance","2");
INSERT INTO Books (ISBN,title,publication_date,publisher,number_of_pages,summary,available_copies,language,keywords,Schools_id_school) VALUES ("2074516283493", "And Brilliant Adventure","2014-09-03","Whispering Willow Publishing","351","Allow set law. Available medical statement college. Mr truth test executive program of. Gas sing compare. Much paper mission material Democrat process.","4","Japanese","keywords of And Brilliant Adventure","1");
INSERT INTO Books (ISBN,title,publication_date,publisher,number_of_pages,summary,available_copies,language,keywords,Schools_id_school) VALUES ("9218435539566", "An Magnificent Romance","1995-03-06","Whispering Willow Publishing","345","Class picture song research week camera medical tonight. Within professor society her argue field increase. Two or know floor away. Especially yet phone event focus measure only. Win break might choice talk.","4","Japanese","keywords of An Magnificent Romance","3");
INSERT INTO Books (ISBN,title,publication_date,publisher,number_of_pages,summary,available_copies,language,keywords,Schools_id_school) VALUES ("7884782045825", "From Brilliant Horror","2017-02-21","Moonstone Books","955","Financial hot feeling wind political fact. According country section table. At grow find garden step them face ever. Add speech rock build some investment large. Fear policy worry speak teach help nice.","3","Mandarin","keywords of From Brilliant Horror","3");
INSERT INTO Books (ISBN,title,publication_date,publisher,number_of_pages,summary,available_copies,language,keywords,Schools_id_school) VALUES ("5574996396846", "On Fantastic Mystery","1975-06-01","Crystal Books","655","His great certainly focus less time rather. Cold single face Democrat. West security produce three sign with material identify. Bit us natural minute compare. But audience serious water describe site author even.","1","Swahili","keywords of On Fantastic Mystery","3");
INSERT INTO Books (ISBN,title,publication_date,publisher,number_of_pages,summary,available_copies,language,keywords,Schools_id_school) VALUES ("9275249202891", "Into Magnificent Romance","1970-12-24","Arcadia Press","997","Heart sit fight drive attorney. Friend best phone answer bit along anyone. Bed certain himself anything. Almost whether include difference. White machine bit them onto find.","2","Mandarin","keywords of Into Magnificent Romance","1");
INSERT INTO Books (ISBN,title,publication_date,publisher,number_of_pages,summary,available_copies,language,keywords,Schools_id_school) VALUES ("4580596726802", "Of Incredible Horror","1993-04-10","Shadowland Publishers","429","Vote knowledge law. Model continue full deep skill change. Increase however mention care just final. Necessary candidate forward. Safe issue be job really reach.","4","Spanish","keywords of Of Incredible Horror","3");
INSERT INTO Books (ISBN,title,publication_date,publisher,number_of_pages,summary,available_copies,language,keywords,Schools_id_school) VALUES ("3786043072352", "In Fascinating Horror","2004-10-10","Stellar Publishing","247","South design put indicate century paper administration. Growth finish also early say. Accept let inside compare. Sea together black tonight day example. Lose player business front city little husband.","4","English","keywords of In Fascinating Horror","2");
INSERT INTO Books (ISBN,title,publication_date,publisher,number_of_pages,summary,available_copies,language,keywords,Schools_id_school) VALUES ("3851194388241", "At Magnificent Romance","1993-07-08","Whispering Willow Publishing","543","Take natural also force listen reveal there. Us field bill recently. Dark through bed after. Purpose measure arrive however. Safe base this attention public early lawyer.","1","Russian","keywords of At Magnificent Romance","3");
INSERT INTO Books (ISBN,title,publication_date,publisher,number_of_pages,summary,available_copies,language,keywords,Schools_id_school) VALUES ("3062660996015", "Out Wonderful Thriller","1975-09-08","Arcadia Press","265","Beyond lay PM move the that. Accept should effect nature window everybody. Quite standard child media wall your human. Magazine short six series line store wide. Beat individual themselves trip once I.","2","Arabic","keywords of Out Wonderful Thriller","2");
INSERT INTO Books (ISBN,title,publication_date,publisher,number_of_pages,summary,available_copies,language,keywords,Schools_id_school) VALUES ("1232679077977", "To Brilliant Mystery","2020-02-18","Whispering Willow Publishing","262","Idea size share stuff direction. Movie small either shake. Artist minute rich chance bar. Crime others not there. Nature often ready new.","5","Mandarin","keywords of To Brilliant Mystery","3");
INSERT INTO Books (ISBN,title,publication_date,publisher,number_of_pages,summary,available_copies,language,keywords,Schools_id_school) VALUES ("7834826922727", "At Fascinating History","1970-12-27","Moonstone Books","477","Part involve relate. Fall approach process system. By its finally service need keep art. Market seem east yeah message near someone. Anyone station American relationship marriage no.","3","French","keywords of At Fascinating History","3");
INSERT INTO Books (ISBN,title,publication_date,publisher,number_of_pages,summary,available_copies,language,keywords,Schools_id_school) VALUES ("3698317209475", "Of Magnificent Science Fiction","1973-09-19","Crystal Books","884","Market specific maintain recognize back. Theory manager might series someone. Statement suffer shake yeah society. Room set can entire. Home rate clear design occur.","4","Portuguese","keywords of Of Magnificent Science Fiction","1");
INSERT INTO Books (ISBN,title,publication_date,publisher,number_of_pages,summary,available_copies,language,keywords,Schools_id_school) VALUES ("9053117093578", "About Fascinating Fantasy","2022-01-23","Starlight Publications","998","Theory dinner under cut. Together center pressure itself wish property. Somebody sell information office husband business apply. Education leader try crime must partner good pressure. Song news cup light.","3","French","keywords of About Fascinating Fantasy","3");
INSERT INTO Books (ISBN,title,publication_date,publisher,number_of_pages,summary,available_copies,language,keywords,Schools_id_school) VALUES ("2390459474331", "About Captivating Horror","1983-03-08","Shadowland Publishers","432","Science avoid these occur police natural Mrs. Including family draw knowledge though. Growth of back pressure government herself beautiful similar. Carry move political stuff phone. Test against business.","3","Japanese","keywords of About Captivating Horror","3");
INSERT INTO Books (ISBN,title,publication_date,publisher,number_of_pages,summary,available_copies,language,keywords,Schools_id_school) VALUES ("3372028331411", "From Captivating Adventure","2004-02-05","Stellar Publishing","398","Represent deep herself company special wish certain. Water force son culture I. Peace write show create. Lot night international person value test. Carry hold fight range.","5","Japanese","keywords of From Captivating Adventure","1");
INSERT INTO Books (ISBN,title,publication_date,publisher,number_of_pages,summary,available_copies,language,keywords,Schools_id_school) VALUES ("9478064134359", "Out Magnificent Thriller","1972-12-20","Whispering Willow Publishing","375","Vote particularly run win science wonder sometimes. Great not shake either do. Camera bring according oil keep local. Song participant issue source. Science common attack see pressure themselves.","4","German","keywords of Out Magnificent Thriller","2");
INSERT INTO Books (ISBN,title,publication_date,publisher,number_of_pages,summary,available_copies,language,keywords,Schools_id_school) VALUES ("3330539779172", "About Amazing Fantasy","2001-09-04","Enigma Press","235","Organization bill property. Hour medical develop same probably store. Small now pass program his music lawyer. If democratic house argue question fill. Product market project hospital choice my involve peace.","1","Swahili","keywords of About Amazing Fantasy","2");
INSERT INTO Books (ISBN,title,publication_date,publisher,number_of_pages,summary,available_copies,language,keywords,Schools_id_school) VALUES ("6457682027631", "The Wonderful History","1982-01-11","Enigma Press","131","Face minute under office drop popular. Camera care American after story whose heart. Just near hospital future building data. Account head with idea strategy walk newspaper. Everyone expect everyone join run natural everybody.","4","Swahili","keywords of The Wonderful History","2");
INSERT INTO Books (ISBN,title,publication_date,publisher,number_of_pages,summary,available_copies,language,keywords,Schools_id_school) VALUES ("2420134513541", "At Amazing Horror","1974-07-06","Arcadia Press","177","School set eight environment. Region card through organization himself skin. Federal gun memory game affect current series build. Try run least determine. His well window travel away night with.","1","Japanese","keywords of At Amazing Horror","3");
INSERT INTO Books (ISBN,title,publication_date,publisher,number_of_pages,summary,available_copies,language,keywords,Schools_id_school) VALUES ("3814639823221", "The Wonderful Adventure","2006-12-22","Celestial Publishing","241","Performance upon almost which. Night economic worry region different. Class want identify side when pay another. Politics actually stay us should generation Democrat. Policy group thus ever boy first particular.","2","French","keywords of The Wonderful Adventure","1");
INSERT INTO Books (ISBN,title,publication_date,publisher,number_of_pages,summary,available_copies,language,keywords,Schools_id_school) VALUES ("4922333424977", "In Amazing Romance","2008-02-13","Enigma Press","333","Dark card guy. There effect then too detail believe. Each how organization smile. Like production both age base will. Huge less miss drug quality.","1","Portuguese","keywords of In Amazing Romance","1");
INSERT INTO Books (ISBN,title,publication_date,publisher,number_of_pages,summary,available_copies,language,keywords,Schools_id_school) VALUES ("8884002597743", "For Incredible Thriller","1977-01-24","Arcadia Press","465","Surface with stage. Reflect sell TV house ask rate trade. Table garden floor several such. Skin story place clear blood. Recently prepare minute artist people.","5","Mandarin","keywords of For Incredible Thriller","3");
INSERT INTO Books (ISBN,title,publication_date,publisher,number_of_pages,summary,available_copies,language,keywords,Schools_id_school) VALUES ("1555830643117", "For Incredible Mystery","2004-01-02","Crystal Books","800","How interesting herself might four. Receive ten do simple. Staff particular individual list traditional high. International summer learn have safe. Including without far military part value.","1","Japanese","keywords of For Incredible Mystery","2");
INSERT INTO Books (ISBN,title,publication_date,publisher,number_of_pages,summary,available_copies,language,keywords,Schools_id_school) VALUES ("3912188743919", "Into Captivating Science Fiction","2002-06-22","Enigma Press","450","Line onto result receive skill. Week design performance difficult soon. Then long item. Ok manager to value environmental perform officer. Clear wind statement challenge actually drive will.","5","Arabic","keywords of Into Captivating Science Fiction","3");
INSERT INTO Books (ISBN,title,publication_date,publisher,number_of_pages,summary,available_copies,language,keywords,Schools_id_school) VALUES ("2122899237347", "At Fantastic Science Fiction","2000-03-10","Enigma Press","485","Scene evidence do last example debate range. Official skill well. Until indicate lose information. Same show positive truth bank. Especially real know what happy.","5","Mandarin","keywords of At Fantastic Science Fiction","1");
INSERT INTO Books (ISBN,title,publication_date,publisher,number_of_pages,summary,available_copies,language,keywords,Schools_id_school) VALUES ("8851877475764", "Into Fascinating Thriller","1994-05-31","Whispering Willow Publishing","454","Site party music. Eye strategy from remember last result performance skill. Possible service spend. Machine realize certainly wind. Century owner than beat eat leg.","4","Russian","keywords of Into Fascinating Thriller","3");
INSERT INTO Books (ISBN,title,publication_date,publisher,number_of_pages,summary,available_copies,language,keywords,Schools_id_school) VALUES ("1003244782399", "Out Fantastic Horror","2016-02-25","Twilight House","519","Sometimes lose too another technology anyone. Tell activity picture apply relationship other send. Hot section national type fine. Share PM hair camera really somebody. Fear teacher side leave likely young.","4","Spanish","keywords of Out Fantastic Horror","3");
INSERT INTO Books (ISBN,title,publication_date,publisher,number_of_pages,summary,available_copies,language,keywords,Schools_id_school) VALUES ("1686696014944", "From Fantastic Fantasy","2001-08-26","Enigma Press","251","Discover three give tough thus. Firm these play kitchen return. Century artist seven as long on couple. Seven change another read. Me address health.","1","Swahili","keywords of From Fantastic Fantasy","3");
INSERT INTO Books (ISBN,title,publication_date,publisher,number_of_pages,summary,available_copies,language,keywords,Schools_id_school) VALUES ("6735905556559", "To Captivating Science Fiction","2020-12-16","Celestial Publishing","209","For way produce loss. Better window how factor choice source news. Several trouble hear treatment some. Professional Democrat every. Agency exactly detail.","2","Swahili","keywords of To Captivating Science Fiction","3");
INSERT INTO Books (ISBN,title,publication_date,publisher,number_of_pages,summary,available_copies,language,keywords,Schools_id_school) VALUES ("1878178615269", "At Incredible Fantasy","2018-11-28","Shadowland Publishers","625","Son hand family agreement might early. Pretty section situation full. Trouble training town find crime. Hear team carry air bag. Lawyer husband evidence sea nation one.","1","Mandarin","keywords of At Incredible Fantasy","3");
INSERT INTO Books (ISBN,title,publication_date,publisher,number_of_pages,summary,available_copies,language,keywords,Schools_id_school) VALUES ("8304933698781", "Out Incredible Adventure","1976-07-04","Shadowland Publishers","272","Give east human age film not. Employee find here. Use whether last laugh magazine speech. Eat value business ground marriage hand eat. Region fire simply smile like.","4","Spanish","keywords of Out Incredible Adventure","1");
INSERT INTO Books (ISBN,title,publication_date,publisher,number_of_pages,summary,available_copies,language,keywords,Schools_id_school) VALUES ("3296628768301", "At Amazing Fantasy","2007-12-25","Stellar Publishing","218","Age first place finally wish image notice thank. Different eye task even travel cut. According table financial consider system sing run recognize. Against region red animal product fact. Local city much claim national low.","3","Russian","keywords of At Amazing Fantasy","2");
INSERT INTO Books (ISBN,title,publication_date,publisher,number_of_pages,summary,available_copies,language,keywords,Schools_id_school) VALUES ("1261936403766", "An Fantastic Science Fiction","2019-10-13","Moonstone Books","792","Hear must hold guess care around easy. What listen keep hard week. On investment road lay campaign remain civil. Strategy understand study color situation last. Those discover party paper something sister.","4","Arabic","keywords of An Fantastic Science Fiction","3");
INSERT INTO Books (ISBN,title,publication_date,publisher,number_of_pages,summary,available_copies,language,keywords,Schools_id_school) VALUES ("8347308275915", "A Fantastic Fantasy","2007-03-23","Twilight House","782","Under expect too exist across street. Should similar race than. Myself close his else cause white life sit. Several vote Republican third stop play sell. Eight fight recently.","4","German","keywords of A Fantastic Fantasy","1");
INSERT INTO Books (ISBN,title,publication_date,publisher,number_of_pages,summary,available_copies,language,keywords,Schools_id_school) VALUES ("1057192545323", "Out Amazing Horror","1997-05-17","Celestial Publishing","664","Sound pay reach detail her economic everything. Seek part bar left important but. Avoid professional office behind reach. Again prove run window line if care television. Go explain plan only free way without.","1","Portuguese","keywords of Out Amazing Horror","1");
INSERT INTO Books (ISBN,title,publication_date,publisher,number_of_pages,summary,available_copies,language,keywords,Schools_id_school) VALUES ("1250025184628", "Into Captivating History","2011-02-12","Stellar Publishing","947","Event type officer. Relationship should off partner gun box specific relate. Somebody describe management size response. Seven particular floor half. Interview expect that make program.","2","Portuguese","keywords of Into Captivating History","2");
INSERT INTO Books (ISBN,title,publication_date,publisher,number_of_pages,summary,available_copies,language,keywords,Schools_id_school) VALUES ("4350494471445", "With Captivating Fantasy","2014-11-18","Shadowland Publishers","776","Teach office concern above sort value design. Agent much treat eight fine popular start. Center so none two. Do thing hot she state dog. Happen play if cultural.","2","Russian","keywords of With Captivating Fantasy","3");
INSERT INTO Books (ISBN,title,publication_date,publisher,number_of_pages,summary,available_copies,language,keywords,Schools_id_school) VALUES ("4494596985436", "From Magnificent Adventure","1985-07-06","Whispering Willow Publishing","370","Local occur section these on first rest dark. Kind where per project into act. Certain unit happy more goal. Coach operation new identify religious admit our international. Beautiful outside visit system.","1","Swahili","keywords of From Magnificent Adventure","1");
INSERT INTO Books (ISBN,title,publication_date,publisher,number_of_pages,summary,available_copies,language,keywords,Schools_id_school) VALUES ("6320921827053", "A Amazing Thriller","1998-04-30","Whispering Willow Publishing","275","Source human center develop score no order. Beat often loss less. Decision tonight exactly crime. Factor choose gas western participant whatever. Stand model collection.","4","Swahili","keywords of A Amazing Thriller","1");
INSERT INTO Books (ISBN,title,publication_date,publisher,number_of_pages,summary,available_copies,language,keywords,Schools_id_school) VALUES ("4208248293567", "By Amazing Romance","1973-06-30","Whispering Willow Publishing","921","Few other week either well. To military trip rock own machine. Energy particular stop base skin Mr. Too cut here situation last factor. Remember short article participant.","1","Swahili","keywords of By Amazing Romance","2");
INSERT INTO Books (ISBN,title,publication_date,publisher,number_of_pages,summary,available_copies,language,keywords,Schools_id_school) VALUES ("9367026565403", "The Fantastic Mystery","1985-04-09","Crystal Books","338","If return environment resource skin compare free. Ready person final color tonight return. Trouble wonder explain edge beat talk animal. Church or child piece. Avoid series fill other east various office strategy.","5","Russian","keywords of The Fantastic Mystery","1");
INSERT INTO Books (ISBN,title,publication_date,publisher,number_of_pages,summary,available_copies,language,keywords,Schools_id_school) VALUES ("1382601465276", "Into Incredible Biography","1999-06-15","Arcadia Press","734","Will various hour most. Head now share cup. Program space forget present phone blue president. Smile very get during yet. One bag issue.","1","Mandarin","keywords of Into Incredible Biography","3");
INSERT INTO Books (ISBN,title,publication_date,publisher,number_of_pages,summary,available_copies,language,keywords,Schools_id_school) VALUES ("3039217579284", "On Captivating Fantasy","1991-03-01","Arcadia Press","664","Out box picture threat senior. While a total bag. Leader serious base every measure brother. Reality for agent peace. Kitchen affect continue or important.","4","Russian","keywords of On Captivating Fantasy","2");
INSERT INTO Books (ISBN,title,publication_date,publisher,number_of_pages,summary,available_copies,language,keywords,Schools_id_school) VALUES ("5513415173415", "From Brilliant Mystery","1989-07-27","Enigma Press","335","Enough break answer standard run upon investment. Mouth agency statement do summer. Fact so suddenly home matter cultural. Yet employee better. Capital economic sure cover street daughter.","5","Arabic","keywords of From Brilliant Mystery","1");
INSERT INTO Books (ISBN,title,publication_date,publisher,number_of_pages,summary,available_copies,language,keywords,Schools_id_school) VALUES ("3024420177782", "From Wonderful Horror","1987-05-19","Twilight House","972","Walk fear energy training throw buy. International four thousand need quite hotel. Year upon similar. Foot them our management least building student. People bring become.","5","French","keywords of From Wonderful Horror","2");
INSERT INTO Books (ISBN,title,publication_date,publisher,number_of_pages,summary,available_copies,language,keywords,Schools_id_school) VALUES ("3718163957757", "Out Wonderful Romance","1972-07-29","Moonstone Books","170","Program item war past choose. Require PM appear here draw. Check result bed how follow common nothing. What direction memory million performance own church sound. One next top about value.","4","Japanese","keywords of Out Wonderful Romance","3");
INSERT INTO Books (ISBN,title,publication_date,publisher,number_of_pages,summary,available_copies,language,keywords,Schools_id_school) VALUES ("1743109118338", "The Amazing Fantasy","1990-01-23","Whispering Willow Publishing","669","Center skin area important middle to future much. Hear lawyer enough role. Allow collection prove something strategy. Late so activity lot college fill. Speech bar where language event a even yet.","1","Mandarin","keywords of The Amazing Fantasy","2");
INSERT INTO Books (ISBN,title,publication_date,publisher,number_of_pages,summary,available_copies,language,keywords,Schools_id_school) VALUES ("4616537110670", "By Brilliant Fantasy","1992-11-27","Starlight Publications","934","National yet sell treat foreign economic particular. Possible like nothing as. Effect throw read. Write bit compare response community cover out rather. Happen expect amount prevent present before over degree.","1","Mandarin","keywords of By Brilliant Fantasy","1");
INSERT INTO Books (ISBN,title,publication_date,publisher,number_of_pages,summary,available_copies,language,keywords,Schools_id_school) VALUES ("5568475094527", "By Incredible Fantasy","1978-10-03","Crystal Books","931","Should eight respond likely. Or ever like game. Require care capital fund little television mind. Conference clearly suddenly his available economic consumer skin. Owner down admit share agency.","1","French","keywords of By Incredible Fantasy","3");
INSERT INTO Books (ISBN,title,publication_date,publisher,number_of_pages,summary,available_copies,language,keywords,Schools_id_school) VALUES ("6538610964180", "With Magnificent Romance","2020-03-04","Stellar Publishing","942","Power race others ability age yourself. Half they thousand voice. Risk near generation piece animal keep recently. Already serious side current. Anything plan her imagine imagine large however.","2","Swahili","keywords of With Magnificent Romance","3");
INSERT INTO Books (ISBN,title,publication_date,publisher,number_of_pages,summary,available_copies,language,keywords,Schools_id_school) VALUES ("7455106076120", "At Magnificent History","2004-02-07","Starlight Publications","107","Day paper school coach position task. Final method protect most month student doctor. Also fish change opportunity watch I. Close push style picture everything. Today great certain tree protect soon.","1","Japanese","keywords of At Magnificent History","3");
INSERT INTO Books (ISBN,title,publication_date,publisher,number_of_pages,summary,available_copies,language,keywords,Schools_id_school) VALUES ("9700123532167", "By Incredible Adventure","1982-07-23","Shadowland Publishers","602","Itself remain bit gun. Oil race wall world pressure. Reality a form degree will suggest. Reality pretty its Republican forget action. Water here your life democratic fall.","1","Russian","keywords of By Incredible Adventure","3");
INSERT INTO Books (ISBN,title,publication_date,publisher,number_of_pages,summary,available_copies,language,keywords,Schools_id_school) VALUES ("9069825692450", "For Brilliant Adventure","1975-08-01","Crystal Books","995","Only fish fight group task. Instead its middle woman. Remain husband more keep. Each page positive may open subject hair. Wait after big with.","3","Spanish","keywords of For Brilliant Adventure","3");
INSERT INTO Books (ISBN,title,publication_date,publisher,number_of_pages,summary,available_copies,language,keywords,Schools_id_school) VALUES ("8660676074299", "Out Captivating History","1994-05-01","Stellar Publishing","347","Seat fear college can door imagine relate today. Trip yard wall. Wind candidate plant claim. Respond others final person energy rate thousand. Indicate employee check guy beat administration.","2","Russian","keywords of Out Captivating History","2");
INSERT INTO Books (ISBN,title,publication_date,publisher,number_of_pages,summary,available_copies,language,keywords,Schools_id_school) VALUES ("4137636512616", "A Fascinating History","1979-11-18","Twilight House","330","Quality set close reflect painting get hold tax. Police eight admit rule. Trade message difficult process part. Player stay interview tax check. Spring enjoy low movie seven.","1","Russian","keywords of A Fascinating History","2");
INSERT INTO Books (ISBN,title,publication_date,publisher,number_of_pages,summary,available_copies,language,keywords,Schools_id_school) VALUES ("7606552384889", "Out Captivating Mystery","2004-02-19","Celestial Publishing","449","Fine carry day east future occur sport. Skin imagine watch. Sister action purpose. Threat watch get. By five itself month phone play.","1","Spanish","keywords of Out Captivating Mystery","2");
INSERT INTO Books (ISBN,title,publication_date,publisher,number_of_pages,summary,available_copies,language,keywords,Schools_id_school) VALUES ("6122122701687", "An Brilliant Fantasy","2014-06-07","Shadowland Publishers","532","Throughout thousand entire hotel pressure serve garden. Network seven yard position. Artist up part build government. Issue street sea fill. Contain ten watch ever cold organization.","2","Arabic","keywords of An Brilliant Fantasy","2");
INSERT INTO Books (ISBN,title,publication_date,publisher,number_of_pages,summary,available_copies,language,keywords,Schools_id_school) VALUES ("3435284669535", "In Fantastic Biography","2023-05-06","Enigma Press","337","Party concern company very in mission. Eat among story sell. She ready small concern. Pull section act apply student service PM. Ground dream and great tree north nor.","3","German","keywords of In Fantastic Biography","3");
INSERT INTO Books (ISBN,title,publication_date,publisher,number_of_pages,summary,available_copies,language,keywords,Schools_id_school) VALUES ("5772357305445", "And Captivating Mystery","1995-03-08","Arcadia Press","775","Father though natural assume. Method wrong get ok real purpose why police. Fish option ok live health she. On clear modern coach try act movement. Begin produce degree care.","3","Mandarin","keywords of And Captivating Mystery","2");
INSERT INTO Books (ISBN,title,publication_date,publisher,number_of_pages,summary,available_copies,language,keywords,Schools_id_school) VALUES ("6937076781189", "To Incredible History","1983-02-06","Shadowland Publishers","232","Condition eight treatment someone former beat. More step actually recognize evening. Bit more cover. Young move audience hope response continue. Leave from how source face.","1","Japanese","keywords of To Incredible History","2");
INSERT INTO Books (ISBN,title,publication_date,publisher,number_of_pages,summary,available_copies,language,keywords,Schools_id_school) VALUES ("7463022218829", "On Fantastic Romance","1978-03-11","Celestial Publishing","989","Specific only style hold occur reveal. Lawyer chair mind current water. Future step financial none town. Significant his contain onto point doctor economy. Yard ready management to environmental.","4","German","keywords of On Fantastic Romance","3");
INSERT INTO Books (ISBN,title,publication_date,publisher,number_of_pages,summary,available_copies,language,keywords,Schools_id_school) VALUES ("2648058405916", "By Wonderful Biography","1990-04-21","Crystal Books","747","Animal like poor former end than fund. Energy poor require marriage such report road activity. How garden offer more be wall describe. Toward think build body soon officer. Put fear add.","3","Japanese","keywords of By Wonderful Biography","2");
INSERT INTO Books (ISBN,title,publication_date,publisher,number_of_pages,summary,available_copies,language,keywords,Schools_id_school) VALUES ("1629730416114", "In Magnificent Horror","1986-08-26","Crystal Books","510","Successful property meet fill claim. Figure six window nice minute. Remain newspaper answer training region. Choose bring training moment easy value. Trouble history organization price day.","3","Spanish","keywords of In Magnificent Horror","2");
INSERT INTO Books (ISBN,title,publication_date,publisher,number_of_pages,summary,available_copies,language,keywords,Schools_id_school) VALUES ("5741820860103", "And Magnificent History","1993-04-21","Twilight House","223","Assume foreign citizen once. Red next report must see human color school. On operation future thing economy. Group artist option reflect radio manager something. Speak dinner like paper.","4","French","keywords of And Magnificent History","2");
INSERT INTO Books (ISBN,title,publication_date,publisher,number_of_pages,summary,available_copies,language,keywords,Schools_id_school) VALUES ("3629223760839", "Out Magnificent Romance","1985-12-19","Starlight Publications","861","Suddenly able happy each. Standard forget staff gas point. Other realize back computer cup able heart. Protect sing tree exactly. Customer reach surface make high financial.","2","Arabic","keywords of Out Magnificent Romance","2");
INSERT INTO Books (ISBN,title,publication_date,publisher,number_of_pages,summary,available_copies,language,keywords,Schools_id_school) VALUES ("7349205189047", "On Amazing Mystery","2020-02-29","Starlight Publications","212","Lay risk prove race sea billion matter. Player perhaps well try two report bad. Unit money growth as apply give. Order heavy because big term mission. Owner it resource should must.","4","Japanese","keywords of On Amazing Mystery","2");
INSERT INTO Books (ISBN,title,publication_date,publisher,number_of_pages,summary,available_copies,language,keywords,Schools_id_school) VALUES ("3282983356303", "On Incredible Romance","2020-10-07","Celestial Publishing","572","Health me century ago bed cell. Bank into among wife tonight recognize. Animal beyond nice current. View seem interview open. Also production compare.","5","Swahili","keywords of On Incredible Romance","1");
INSERT INTO Books (ISBN,title,publication_date,publisher,number_of_pages,summary,available_copies,language,keywords,Schools_id_school) VALUES ("3019894802621", "The Fascinating Adventure","1994-11-20","Whispering Willow Publishing","614","Lay message seat blood college let seek. Change subject meet this only late kid. Part stock recent letter. Population answer represent high ahead too. Middle any clearly work trip attention science.","3","Russian","keywords of The Fascinating Adventure","1");
INSERT INTO Books (ISBN,title,publication_date,publisher,number_of_pages,summary,available_copies,language,keywords,Schools_id_school) VALUES ("6416161019759", "In Fascinating Romance","1976-11-05","Crystal Books","630","View claim store usually population under treat. Election time perform simple some discussion hotel. Different up why hold indeed seat billion. Professional consider ever though house than measure be. Risk kid international series.","1","Spanish","keywords of In Fascinating Romance","2");
INSERT INTO Books (ISBN,title,publication_date,publisher,number_of_pages,summary,available_copies,language,keywords,Schools_id_school) VALUES ("6321768833510", "In Wonderful Fantasy","2009-10-31","Crystal Books","503","Speech cost alone man section. Lay leg imagine. Part crime direction more program test. Even popular adult choice show long understand. Collection bar body defense side option recent.","2","Japanese","keywords of In Wonderful Fantasy","1");
INSERT INTO Books (ISBN,title,publication_date,publisher,number_of_pages,summary,available_copies,language,keywords,Schools_id_school) VALUES ("6262745923324", "For Incredible Fantasy","1987-09-28","Shadowland Publishers","889","Shoulder rather such population up. Hotel simple open expert wonder. Author skin put explain. Themselves score oil form bag civil wonder. Front middle next spring whom project.","1","Japanese","keywords of For Incredible Fantasy","1");
INSERT INTO Books (ISBN,title,publication_date,publisher,number_of_pages,summary,available_copies,language,keywords,Schools_id_school) VALUES ("2913041662464", "An Magnificent Science Fiction","2004-04-16","Twilight House","305","Wife his world suddenly speech firm. Interest art world cover. Model book truth husband arm every store. Particular couple space candidate event. Do Democrat feeling sister write.","3","French","keywords of An Magnificent Science Fiction","1");
INSERT INTO Books (ISBN,title,publication_date,publisher,number_of_pages,summary,available_copies,language,keywords,Schools_id_school) VALUES ("9464988227605", "On Wonderful History","1977-12-26","Enigma Press","916","Government either leave each option service. Something force they effort bag begin. Series use fall analysis. Director conference ever into should detail. Too director worker officer discuss computer.","3","English","keywords of On Wonderful History","1");
INSERT INTO Books (ISBN,title,publication_date,publisher,number_of_pages,summary,available_copies,language,keywords,Schools_id_school) VALUES ("6929090702953", "For Fantastic Thriller","1981-03-05","Stellar Publishing","108","Option hold gun full month. Card loss range bar peace notice. Work themselves painting seem let. Number southern hotel nearly. Everyone pick point store nor.","4","Portuguese","keywords of For Fantastic Thriller","1");
INSERT INTO Books (ISBN,title,publication_date,publisher,number_of_pages,summary,available_copies,language,keywords,Schools_id_school) VALUES ("3187614326046", "The Wonderful Science Fiction","1977-02-25","Enigma Press","219","Forward often every choose performance president. List single science my. Letter tough night who early it last. Treatment admit protect one key. Final TV tree writer rich.","5","Swahili","keywords of The Wonderful Science Fiction","1");
INSERT INTO Books (ISBN,title,publication_date,publisher,number_of_pages,summary,available_copies,language,keywords,Schools_id_school) VALUES ("3042167126552", "The Fantastic Biography","1989-03-03","Moonstone Books","858","Weight you positive its. Bad bill option road. Evidence discuss billion employee draw affect. College cultural peace western Mr beyond. Baby air the red.","4","German","keywords of The Fantastic Biography","1");
INSERT INTO Books (ISBN,title,publication_date,publisher,number_of_pages,summary,available_copies,language,keywords,Schools_id_school) VALUES ("9756148088140", "Of Fantastic Horror","2005-04-27","Celestial Publishing","736","Successful center old. Far range eight firm citizen. Leg hour institution different chance. Five film my now style by. Politics series prepare size why fine week.","4","Spanish","keywords of Of Fantastic Horror","3");
INSERT INTO Books (ISBN,title,publication_date,publisher,number_of_pages,summary,available_copies,language,keywords,Schools_id_school) VALUES ("1663256918858", "About Incredible Fantasy","1998-10-10","Enigma Press","339","Change always one dinner book could indicate. Loss hospital either approach might practice method. Economy case hear walk degree support. Itself they eight middle ten. Four city city commercial likely time.","2","Japanese","keywords of About Incredible Fantasy","2");
INSERT INTO Books (ISBN,title,publication_date,publisher,number_of_pages,summary,available_copies,language,keywords,Schools_id_school) VALUES ("6893991794140", "Of Incredible Biography","1988-01-11","Arcadia Press","926","Change world foot could picture game. Road necessary stand success off too. Remember may just cup become. Model exist challenge trip. Require break behind both school federal.","1","Japanese","keywords of Of Incredible Biography","1");
INSERT INTO Books (ISBN,title,publication_date,publisher,number_of_pages,summary,available_copies,language,keywords,Schools_id_school) VALUES ("3739735585374", "By Fantastic History","1977-08-17","Whispering Willow Publishing","883","Police including hundred deal past wear spend. Wrong police present above program. Color page only reason. Enjoy price wait party employee article game. Foot check hair marriage between.","1","Swahili","keywords of By Fantastic History","2");
INSERT INTO Books (ISBN,title,publication_date,publisher,number_of_pages,summary,available_copies,language,keywords,Schools_id_school) VALUES ("3933117729381", "In Amazing Horror","2016-12-02","Stellar Publishing","696","Hear little executive scene each place among reason. Painting news already catch fact against million be. Tax per see share tax. Collection dream and environment doctor father hundred. Day side drug more arrive behind.","3","Arabic","keywords of In Amazing Horror","2");
INSERT INTO Books (ISBN,title,publication_date,publisher,number_of_pages,summary,available_copies,language,keywords,Schools_id_school) VALUES ("2531752319740", "By Captivating History","1975-12-16","Arcadia Press","756","Western price ball simply. Whether game character low how. Five fear hair feel window lose. Guy recent hot moment phone present push statement. Hundred choose enter around but reason.","2","Swahili","keywords of By Captivating History","3");
INSERT INTO Books (ISBN,title,publication_date,publisher,number_of_pages,summary,available_copies,language,keywords,Schools_id_school) VALUES ("4483582130081", "For Amazing Fantasy","2016-05-04","Moonstone Books","357","Political role assume sense seem. Animal kitchen attack likely often site. Six report above reality trip consumer. Better challenge its relationship. Child so about full age be.","1","Spanish","keywords of For Amazing Fantasy","2");
INSERT INTO Books (ISBN,title,publication_date,publisher,number_of_pages,summary,available_copies,language,keywords,Schools_id_school) VALUES ("4890166068174", "To Captivating History","2016-07-16","Stellar Publishing","808","Live individual put significant leg campaign. Teach morning notice past. Head story although film. Certainly his discussion name. Fill media produce medical produce.","2","Swahili","keywords of To Captivating History","3");
INSERT INTO Books (ISBN,title,publication_date,publisher,number_of_pages,summary,available_copies,language,keywords,Schools_id_school) VALUES ("7769131122181", "From Brilliant Romance","1970-01-06","Enigma Press","488","Summer could expect significant record. Age both bit leave office law rather. But employee rich simply. Try quality seat again bit past. Bad off million month.","2","Swahili","keywords of From Brilliant Romance","3");
INSERT INTO Books (ISBN,title,publication_date,publisher,number_of_pages,summary,available_copies,language,keywords,Schools_id_school) VALUES ("2722315605532", "Of Fascinating Fantasy","1980-05-16","Crystal Books","306","Up chance fine risk local determine. Government baby green there Democrat cut remain. Without month field debate nor accept any dream. Quite than son discussion improve. Never view guess single.","4","Portuguese","keywords of Of Fascinating Fantasy","3");
INSERT INTO Books (ISBN,title,publication_date,publisher,number_of_pages,summary,available_copies,language,keywords,Schools_id_school) VALUES ("6100355284390", "From Magnificent Biography","2015-07-12","Moonstone Books","673","Song brother meet miss air glass cut. Create watch same include impact pressure dream. Produce by start can within despite data. Treat number color standard growth attorney light. Call thousand there little idea.","1","Russian","keywords of From Magnificent Biography","1");
INSERT INTO Books (ISBN,title,publication_date,publisher,number_of_pages,summary,available_copies,language,keywords,Schools_id_school) VALUES ("4821143508457", "A Incredible Adventure","2006-08-08","Celestial Publishing","558","Discuss according author interest outside throughout. Interview skill land beautiful. Many usually policy leave few little. About community vote window tree hope enough. Card word strong argue woman degree these.","4","French","keywords of A Incredible Adventure","2");
INSERT INTO Books (ISBN,title,publication_date,publisher,number_of_pages,summary,available_copies,language,keywords,Schools_id_school) VALUES ("2470695749941", "From Incredible Science Fiction","2003-03-01","Celestial Publishing","447","Environmental book however instead. Up buy onto act pay during. Record performance public her use everything oil. Evidence continue health standard different memory sort. Last better play finish.","2","Japanese","keywords of From Incredible Science Fiction","2");
INSERT INTO Books (ISBN,title,publication_date,publisher,number_of_pages,summary,available_copies,language,keywords,Schools_id_school) VALUES ("4871347505250", "Out Incredible Romance","1980-11-18","Whispering Willow Publishing","180","Program Mrs technology ok large fight. Top stand become animal however especially. Own lose accept bad. Pay deep recently many follow put debate necessary. Executive book avoid.","5","Portuguese","keywords of Out Incredible Romance","2");
INSERT INTO Books (ISBN,title,publication_date,publisher,number_of_pages,summary,available_copies,language,keywords,Schools_id_school) VALUES ("3932505315635", "By Fantastic Romance","1979-11-26","Starlight Publications","564","School involve public itself. Force blood once soldier one. Might have shake matter huge. East protect threat institution of. Board deal production style radio amount story.","2","Arabic","keywords of By Fantastic Romance","2");
INSERT INTO Books (ISBN,title,publication_date,publisher,number_of_pages,summary,available_copies,language,keywords,Schools_id_school) VALUES ("4377696374851", "The Wonderful Horror","2011-10-23","Whispering Willow Publishing","124","Participant run seat. Plan same teach security truth. Picture describe investment candidate. Picture despite upon stop. Heavy suggest forget life.","4","English","keywords of The Wonderful Horror","3");
INSERT INTO Books (ISBN,title,publication_date,publisher,number_of_pages,summary,available_copies,language,keywords,Schools_id_school) VALUES ("3024469429739", "A Fantastic Science Fiction","2012-01-30","Whispering Willow Publishing","882","Drop but between thought. Cold beyond summer wish. Finish get believe. Best international level say who push. Paper onto board should.","4","German","keywords of A Fantastic Science Fiction","2");
INSERT INTO Books (ISBN,title,publication_date,publisher,number_of_pages,summary,available_copies,language,keywords,Schools_id_school) VALUES ("1488346389335", "The Captivating Adventure","1977-09-04","Starlight Publications","359","Base avoid some support reveal to almost. By language agency beyond. Notice everything term top region region. Law maybe program entire. Young history finally production individual cut.","4","Russian","keywords of The Captivating Adventure","1");
INSERT INTO Books (ISBN,title,publication_date,publisher,number_of_pages,summary,available_copies,language,keywords,Schools_id_school) VALUES ("4550550339925", "The Incredible Adventure","2000-12-08","Starlight Publications","551","Cut never north both hear current. Decide beautiful create find decide western though. Class product level central because there politics. Money wear action head fact. Present state development ago her arm organization.","3","Arabic","keywords of The Incredible Adventure","3");
INSERT INTO Books (ISBN,title,publication_date,publisher,number_of_pages,summary,available_copies,language,keywords,Schools_id_school) VALUES ("9745064130457", "An Amazing Science Fiction","2001-01-12","Arcadia Press","713","Add present task production score across. Seem television test. Begin customer trade century might this speech major. Drive beyond heart but would wonder. To blue operation behavior either month gas accept.","2","Portuguese","keywords of An Amazing Science Fiction","3");
INSERT INTO Books (ISBN,title,publication_date,publisher,number_of_pages,summary,available_copies,language,keywords,Schools_id_school) VALUES ("5511424858515", "Out Fascinating Thriller","1992-05-07","Moonstone Books","292","General system contain toward natural. Arm several recognize others pressure. Which myself couple hair. Candidate hit before approach line another. Television clearly life guy both.","3","Portuguese","keywords of Out Fascinating Thriller","3");
INSERT INTO Books (ISBN,title,publication_date,publisher,number_of_pages,summary,available_copies,language,keywords,Schools_id_school) VALUES ("2838874590448", "By Magnificent Thriller","2019-04-28","Moonstone Books","160","Book support conference student any wife. Industry some customer will. News institution can music art letter place paper. City whose above my bill speech. Between along say happen name my.","2","Arabic","keywords of By Magnificent Thriller","1");
INSERT INTO Books (ISBN,title,publication_date,publisher,number_of_pages,summary,available_copies,language,keywords,Schools_id_school) VALUES ("9062503889440", "From Fascinating Biography","1987-01-24","Crystal Books","990","Heart anyone until gas give article. Two edge free hospital. Wind what economy end increase. Professor some admit compare sure. Skin short compare million couple arm sit.","5","French","keywords of From Fascinating Biography","2");
INSERT INTO Books (ISBN,title,publication_date,publisher,number_of_pages,summary,available_copies,language,keywords,Schools_id_school) VALUES ("7362470200301", "The Fascinating Romance","2004-03-22","Whispering Willow Publishing","794","Walk car prevent such toward American may free. From information either relationship alone black. Hear world company speak hotel today part commercial. Represent some head staff condition what president. Issue wrong go position point whole.","2","Japanese","keywords of The Fascinating Romance","2");
INSERT INTO Books (ISBN,title,publication_date,publisher,number_of_pages,summary,available_copies,language,keywords,Schools_id_school) VALUES ("2843190946164", "Out Amazing Mystery","1992-09-26","Starlight Publications","271","Big attorney head bill information recent. Billion mouth pass military teacher. Current others detail indeed line ahead. They policy nor figure attorney eight everyone. Blue health bill gas several show send really.","4","English","keywords of Out Amazing Mystery","2");
INSERT INTO Books (ISBN,title,publication_date,publisher,number_of_pages,summary,available_copies,language,keywords,Schools_id_school) VALUES ("9585566563929", "The Fantastic Horror","2005-08-13","Celestial Publishing","292","Left shoulder new. Station loss others some home body. Member join structure write when say statement. Share sometimes laugh throw economy TV. Wish while leg avoid law.","3","French","keywords of The Fantastic Horror","3");
INSERT INTO Books (ISBN,title,publication_date,publisher,number_of_pages,summary,available_copies,language,keywords,Schools_id_school) VALUES ("8446098598856", "Of Brilliant Science Fiction","2015-12-31","Celestial Publishing","829","Think force investment about. Them own doctor. Remember act deep environment century. Agreement organization movie other. May seem consider employee natural rule figure.","5","Swahili","keywords of Of Brilliant Science Fiction","2");
INSERT INTO Books (ISBN,title,publication_date,publisher,number_of_pages,summary,available_copies,language,keywords,Schools_id_school) VALUES ("1168443347865", "On Fantastic Fantasy","1997-11-04","Enigma Press","748","Rest stand author son week. Single while loss movement Congress. Hot clear might step. Interesting option under cover. I computer capital.","5","Russian","keywords of On Fantastic Fantasy","3");
INSERT INTO Books (ISBN,title,publication_date,publisher,number_of_pages,summary,available_copies,language,keywords,Schools_id_school) VALUES ("6600203596803", "To Brilliant Biography","2006-09-16","Shadowland Publishers","318","Miss state employee start law. Measure man management. Why debate one. Near improve current. Brother describe total six half else.","5","Russian","keywords of To Brilliant Biography","1");
INSERT INTO Books (ISBN,title,publication_date,publisher,number_of_pages,summary,available_copies,language,keywords,Schools_id_school) VALUES ("6664280687822", "In Captivating Thriller","2002-12-30","Starlight Publications","599","Trial billion offer part water become health. Free without wrong window product design. Around article throughout animal before. Fine serious focus letter rule glass. Hope simply night professional especially.","5","Arabic","keywords of In Captivating Thriller","3");
INSERT INTO Books (ISBN,title,publication_date,publisher,number_of_pages,summary,available_copies,language,keywords,Schools_id_school) VALUES ("3743557104635", "A Magnificent Science Fiction","1985-05-17","Starlight Publications","100","True ability course eat ever material against. Huge create feeling parent letter care. Miss style test hear even small technology. Themselves but control traditional. Likely statement instead.","1","English","keywords of A Magnificent Science Fiction","1");
INSERT INTO Books (ISBN,title,publication_date,publisher,number_of_pages,summary,available_copies,language,keywords,Schools_id_school) VALUES ("7669407037500", "At Amazing Adventure","1974-11-15","Starlight Publications","553","Bring health enjoy through as billion. Choice away if situation. Item sell small middle. Between none least her. Bad feeling include industry.","5","German","keywords of At Amazing Adventure","3");
INSERT INTO Books (ISBN,title,publication_date,publisher,number_of_pages,summary,available_copies,language,keywords,Schools_id_school) VALUES ("6177939335054", "About Brilliant Science Fiction","1973-01-11","Moonstone Books","982","When attention nation institution idea factor. Bag push day light general suggest population design. Remain main political American we president tonight. Family end crime much physical create. If production strategy question.","5","Japanese","keywords of About Brilliant Science Fiction","3");
INSERT INTO Books (ISBN,title,publication_date,publisher,number_of_pages,summary,available_copies,language,keywords,Schools_id_school) VALUES ("9275573288560", "For Fantastic History","2004-01-19","Twilight House","799","Fish time decade without ten knowledge. Politics middle someone parent red. Myself exactly serious drive page language. Number remember hope ahead catch gun. Water rock almost under feeling somebody.","3","Russian","keywords of For Fantastic History","3");
INSERT INTO Books (ISBN,title,publication_date,publisher,number_of_pages,summary,available_copies,language,keywords,Schools_id_school) VALUES ("2164105426935", "On Wonderful Thriller","2002-08-13","Starlight Publications","267","Life create really society put might. Parent speech service outside television structure economy establish. Between lay reflect could. Find others base direction decision everything likely soon. Old student land serve key upon certain.","3","Portuguese","keywords of On Wonderful Thriller","2");
INSERT INTO Books (ISBN,title,publication_date,publisher,number_of_pages,summary,available_copies,language,keywords,Schools_id_school) VALUES ("3294479293071", "At Wonderful Romance","2011-09-02","Arcadia Press","500","Soldier nothing pattern property some. Build prepare visit make measure statement impact. Design continue picture everybody will responsibility. Field compare whom identify. Minute later both drug write.","4","Arabic","keywords of At Wonderful Romance","2");
INSERT INTO Books (ISBN,title,publication_date,publisher,number_of_pages,summary,available_copies,language,keywords,Schools_id_school) VALUES ("6282984287310", "About Fascinating Adventure","2001-03-20","Moonstone Books","250","Read which which media anything people participant. Live pull north manage someone receive. New carry son step. Painting somebody you address upon. Measure area now activity culture man office.","2","Spanish","keywords of About Fascinating Adventure","1");
INSERT INTO Books (ISBN,title,publication_date,publisher,number_of_pages,summary,available_copies,language,keywords,Schools_id_school) VALUES ("8893479680540", "About Amazing Horror","1975-11-01","Whispering Willow Publishing","575","Over practice east idea maybe. Case trial choice street drive art. Billion great sell summer member nice red improve. Open much stay leave firm from. Action white future follow sort hour lay.","5","German","keywords of About Amazing Horror","2");
INSERT INTO Books (ISBN,title,publication_date,publisher,number_of_pages,summary,available_copies,language,keywords,Schools_id_school) VALUES ("9107421145436", "With Amazing History","2009-07-09","Stellar Publishing","121","Particularly amount until method catch could exist number. Fast traditional time outside much opportunity. And door same sea believe. Magazine force position scientist trial as reason. Have your late Mr about who floor.","4","German","keywords of With Amazing History","1");
INSERT INTO Books (ISBN,title,publication_date,publisher,number_of_pages,summary,available_copies,language,keywords,Schools_id_school) VALUES ("7532510387839", "At Brilliant Biography","1980-08-08","Whispering Willow Publishing","699","Out hair ball investment nature bank include. Word thousand family suggest. Might research skill off station. Gun Democrat activity professional science vote cell mission. Realize detail brother discussion single.","5","Japanese","keywords of At Brilliant Biography","3");
INSERT INTO Books (ISBN,title,publication_date,publisher,number_of_pages,summary,available_copies,language,keywords,Schools_id_school) VALUES ("7723792775412", "By Captivating Adventure","1986-09-20","Starlight Publications","748","State citizen along nearly ready thank. Serious short cause decide Democrat. Government later whose car. Actually increase society necessary. Party show site consumer teach.","1","French","keywords of By Captivating Adventure","3");
INSERT INTO Books (ISBN,title,publication_date,publisher,number_of_pages,summary,available_copies,language,keywords,Schools_id_school) VALUES ("1590568433955", "The Magnificent Adventure","2015-09-19","Arcadia Press","416","Six suggest play detail consumer phone law. Agreement stuff walk rather own. Car rock wish. Play whose figure next radio mother arrive. Animal thing agree agency.","4","Portuguese","keywords of The Magnificent Adventure","3");
INSERT INTO Books (ISBN,title,publication_date,publisher,number_of_pages,summary,available_copies,language,keywords,Schools_id_school) VALUES ("2595897630345", "With Magnificent Fantasy","2003-12-05","Moonstone Books","180","Face one service tax detail. Region machine agreement join whom fact commercial. Drive each market year amount assume. Have ok single whole service. Others company military ready.","5","Russian","keywords of With Magnificent Fantasy","1");
INSERT INTO Books (ISBN,title,publication_date,publisher,number_of_pages,summary,available_copies,language,keywords,Schools_id_school) VALUES ("2344284101340", "From Fascinating Romance","2001-01-23","Starlight Publications","529","Without red argue anything win. Perform have trial floor. Use player people town move large help. Seven environmental ground skin education. Good almost huge particularly.","5","Arabic","keywords of From Fascinating Romance","2");
INSERT INTO Books (ISBN,title,publication_date,publisher,number_of_pages,summary,available_copies,language,keywords,Schools_id_school) VALUES ("8502221090747", "And Brilliant Science Fiction","1988-10-02","Moonstone Books","862","Speak brother respond three sure. Relationship person generation rate body company possible. Most word technology bad later view stand system. Hospital factor region sister first soldier economic. Because cost technology.","1","German","keywords of And Brilliant Science Fiction","3");
INSERT INTO Books (ISBN,title,publication_date,publisher,number_of_pages,summary,available_copies,language,keywords,Schools_id_school) VALUES ("6094716426570", "Of Wonderful Adventure","1978-03-13","Stellar Publishing","702","Inside although capital finish. War so should without. Bar myself with. Man thought wrong rise do form. Significant growth pay suffer spring.","5","Arabic","keywords of Of Wonderful Adventure","1");
INSERT INTO Books (ISBN,title,publication_date,publisher,number_of_pages,summary,available_copies,language,keywords,Schools_id_school) VALUES ("8351260072134", "By Magnificent Romance","2020-01-13","Arcadia Press","364","Play development discover budget whatever. Course international audience. Send southern result manager account mother. You large herself age use. Production best safe.","1","Swahili","keywords of By Magnificent Romance","2");
INSERT INTO Books (ISBN,title,publication_date,publisher,number_of_pages,summary,available_copies,language,keywords,Schools_id_school) VALUES ("5108507254223", "From Captivating Biography","2009-08-19","Twilight House","999","Source have point answer. Center throughout official garden. Job less also short dog owner. Last deal produce house recently interview. Forget maybe college event others crime.","2","Japanese","keywords of From Captivating Biography","2");
INSERT INTO Books (ISBN,title,publication_date,publisher,number_of_pages,summary,available_copies,language,keywords,Schools_id_school) VALUES ("1359909924897", "Into Fantastic Adventure","2015-02-26","Celestial Publishing","447","Entire than present maintain always run process act. Exactly food something recent. Quite white police rather. Require choice sister prevent. Marriage team phone clearly capital but.","2","Swahili","keywords of Into Fantastic Adventure","2");
INSERT INTO Books (ISBN,title,publication_date,publisher,number_of_pages,summary,available_copies,language,keywords,Schools_id_school) VALUES ("6317951063018", "About Magnificent Fantasy","1990-10-27","Moonstone Books","145","Score hand choose door week make we. However we a although most. People just feel morning. Skill magazine suggest almost social. Wear although long could.","2","Arabic","keywords of About Magnificent Fantasy","3");
INSERT INTO Books (ISBN,title,publication_date,publisher,number_of_pages,summary,available_copies,language,keywords,Schools_id_school) VALUES ("6850838351963", "An Fascinating Romance","2004-08-16","Shadowland Publishers","677","Manage sometimes of wide. Pretty son if security color cultural civil. Far stuff collection before west role clear after. Raise early late identify rest different. Race wife enough surface painting staff these.","4","Spanish","keywords of An Fascinating Romance","3");
INSERT INTO Books (ISBN,title,publication_date,publisher,number_of_pages,summary,available_copies,language,keywords,Schools_id_school) VALUES ("9680410744593", "To Fantastic Mystery","1993-06-14","Arcadia Press","545","Step at of citizen there. Smile talk more cup animal push town. Spring although heart if. Shoulder though child station go. Whom condition early campaign since wall.","3","Japanese","keywords of To Fantastic Mystery","3");
INSERT INTO Books (ISBN,title,publication_date,publisher,number_of_pages,summary,available_copies,language,keywords,Schools_id_school) VALUES ("5612193079777", "To Brilliant Horror","1973-06-25","Stellar Publishing","219","Particularly defense oil. Marriage the my room government what computer that. Player section miss know article. Community concern series remember power. Brother image you report.","4","Swahili","keywords of To Brilliant Horror","3");



INSERT INTO Review (Books_ISBN,Users_id_user,date,grade,comment,approved) VALUES ("3786043072352","209","2016-07-11","6","Finally better have hair. Administration seat wall change play serious. President foreign left someone civil popular close job. Forward beyond among century rule. Relate dream level billion scene.","1");
INSERT INTO Review (Books_ISBN,Users_id_user,date,grade,comment,approved) VALUES ("1686696014944","32","2019-03-30","2","Out do job expert deep bed rest. Strong issue want show. Month impact without cover. What discussion end campaign who. Question their employee military star population.","1");
INSERT INTO Review (Books_ISBN,Users_id_user,date,grade,comment,approved) VALUES ("1488346389335","66","2021-10-17","3","Strategy main discussion beautiful parent raise. Hold rich exist left. Teacher gun source artist. Right force Democrat I even. Old care tend culture material policy.","1");
INSERT INTO Review (Books_ISBN,Users_id_user,date,grade,comment,approved) VALUES ("7884782045825","172","2018-12-24","0","Strategy century ability full fire debate. Particularly help some between. Special determine lose plan language. Food improve white parent choose develop tend. Analysis month budget student authority her.","1");
INSERT INTO Review (Books_ISBN,Users_id_user,date,grade,comment,approved) VALUES ("2736498861273","247","2021-03-23","6","Talk particularly child under kitchen yard technology actually. Show play fight fly. Gas hope during system check girl. Nearly crime strong forget. Expect report individual foreign age.","1");
INSERT INTO Review (Books_ISBN,Users_id_user,date,grade,comment,approved) VALUES ("2213227462524","252","2019-10-15","9","Kind religious this us source likely drive. Chair into join training picture investment reveal. Source easy trip food your example. Response room student story mind improve. Painting will appear agency never left piece behavior.","1");
INSERT INTO Review (Books_ISBN,Users_id_user,date,grade,comment,approved) VALUES ("6282984287310","42","2020-11-11","10","Hundred anyone smile security. Every individual candidate somebody. Difference may bar little describe get economic yet. Southern paper fire son. According recently traditional family.","1");
INSERT INTO Review (Books_ISBN,Users_id_user,date,grade,comment,approved) VALUES ("7669407037500","78","2022-07-09","5","Over paper center opportunity occur him. Listen send situation give who level. Discover sing rise security sometimes reason. Deal report leg cut. Avoid safe sure.","1");
INSERT INTO Review (Books_ISBN,Users_id_user,date,grade,comment,approved) VALUES ("1057192545323","19","2019-02-09","9","Republican blood bag set. Example feel six reach. Half while parent rich out. Film friend whole go. Outside wrong month customer ask every.","1");
INSERT INTO Review (Books_ISBN,Users_id_user,date,grade,comment,approved) VALUES ("5568475094527","198","2016-09-17","7","Someone could nice again meet pass none. Guy piece himself ever. Image strategy apply compare. Education front Congress pick. Its report travel place.","1");
INSERT INTO Review (Books_ISBN,Users_id_user,date,grade,comment,approved) VALUES ("7223840120308","52","2016-01-27","7","Once paper college piece life star. Short against pay teacher so range. Shake nice middle across begin. Government laugh yeah finish remain today computer trade. Rock parent tax opportunity hold.","1");
INSERT INTO Review (Books_ISBN,Users_id_user,date,grade,comment,approved) VALUES ("5612193079777","78","2016-02-04","0","Three certain firm mind special area describe. Whom close town soon still kid. Interesting say job make future life moment peace. Fight cell direction raise organization consumer structure coach. Its agree compare spend financial type.","1");
INSERT INTO Review (Books_ISBN,Users_id_user,date,grade,comment,approved) VALUES ("3585150118155","307","2018-04-25","9","Likely hospital cause girl. Policy threat year rather do near despite rather. Soldier face play computer. Action face spend there stand. Tell finish show itself rise tell sell.","1");
INSERT INTO Review (Books_ISBN,Users_id_user,date,grade,comment,approved) VALUES ("4235357329612","323","2015-12-17","5","Suddenly official station else model continue. People century animal. Spend cultural school professional red collection. Production move deep identify drug inside myself. Head Mrs than consumer chair program under.","1");
INSERT INTO Review (Books_ISBN,Users_id_user,date,grade,comment,approved) VALUES ("3197762946429","282","2021-09-11","10","Catch skill would fly great. Knowledge physical sing really expert both glass. Age prove several. Fund night investment season half cold position. Dinner more its early adult.","1");
INSERT INTO Review (Books_ISBN,Users_id_user,date,grade,comment,approved) VALUES ("6457682027631","100","2020-07-23","6","Fine he trial compare consumer. Drive reach later herself south. Direction almost who contain long history PM unit. Feeling safe left individual teach. Pull prevent inside may task PM woman outside.","1");
INSERT INTO Review (Books_ISBN,Users_id_user,date,grade,comment,approved) VALUES ("9680410744593","252","2016-03-05","1","Use guess red so study. Door hear even. Professional hope bag near anything pass send. Care really area gun eight remember thousand. Pick agency control.","1");
INSERT INTO Review (Books_ISBN,Users_id_user,date,grade,comment,approved) VALUES ("8788824449030","313","2021-08-23","7","Movie PM land few theory keep. Under seat office early. School certain as. Herself could new top police. Career near Congress trade speech.","1");
INSERT INTO Review (Books_ISBN,Users_id_user,date,grade,comment,approved) VALUES ("6100355284390","324","2016-03-22","5","Human security direction capital physical. Anyone once compare finish benefit in. Mrs analysis threat someone. Civil window picture him kind artist paper. Control star eye.","1");
INSERT INTO Review (Books_ISBN,Users_id_user,date,grade,comment,approved) VALUES ("9745064130457","64","2022-04-04","10","Require Congress yes upon find per. Edge discuss talk majority. Stuff side five realize turn somebody. Write computer leave tax significant. Threat success several contain commercial throw notice.","1");
INSERT INTO Review (Books_ISBN,Users_id_user,date,grade,comment,approved) VALUES ("3294479293071","319","2016-04-06","4","Player player property plant for. Ball young suddenly wind. Long production discuss player house middle bar. Black simple sort security. Air these get executive.","1");
INSERT INTO Review (Books_ISBN,Users_id_user,date,grade,comment,approved) VALUES ("5258784992626","199","2015-12-28","4","Him television clearly beat. Two gas last clearly state author head. Cover send itself. Free with its exist. Leader sing you gas purpose newspaper common even.","1");
INSERT INTO Review (Books_ISBN,Users_id_user,date,grade,comment,approved) VALUES ("2344284101340","349","2017-03-17","1","Field task bar lose image which next. Beat before art later media. Center really talk cup capital establish. Form various occur discussion media care everybody training. Beat certainly administration despite try.","1");
INSERT INTO Review (Books_ISBN,Users_id_user,date,grade,comment,approved) VALUES ("2648058405916","97","2018-08-27","0","Air Republican other key which job agency. Have allow executive. Agency by through. Born myself language. Detail expert owner charge will song.","1");
INSERT INTO Review (Books_ISBN,Users_id_user,date,grade,comment,approved) VALUES ("1878178615269","228","2019-05-19","5","Authority order opportunity say actually. Story learn likely why water gun president. Start prevent this. Professional professor happy idea fall want rock. Water name current program bag deep down loss.","1");
INSERT INTO Review (Books_ISBN,Users_id_user,date,grade,comment,approved) VALUES ("8351260072134","98","2018-01-04","7","Animal effect goal candidate. Happy conference at imagine simple. While draw matter bad speech bring. Hold leader catch piece type human. Just everybody seven too guy late court.","1");
INSERT INTO Review (Books_ISBN,Users_id_user,date,grade,comment,approved) VALUES ("4922333424977","324","2017-01-05","1","Stage different customer record help building. Direction news mouth. Size stand let hotel should listen certain news. Town the that step whose day. Accept bank if always benefit fund majority.","1");
INSERT INTO Review (Books_ISBN,Users_id_user,date,grade,comment,approved) VALUES ("6809733472810","21","2019-03-30","7","Cut soon lose the ok. Low whom upon range should employee everybody. Truth no laugh control thing strong. Military end home him eye something research. Nor young sit.","1");
INSERT INTO Review (Books_ISBN,Users_id_user,date,grade,comment,approved) VALUES ("9427257960442","14","2022-06-17","8","Above vote food only recent cup. Still occur ever inside chance goal blood assume. Cultural only perform mean. Develop style while power. Outside walk attention military next.","1");
INSERT INTO Review (Books_ISBN,Users_id_user,date,grade,comment,approved) VALUES ("7362470200301","292","2020-11-27","9","We about put store hotel happy should. Establish song relate. Stock majority military control street money industry concern. Tell public left perform population different way oil. Seat simply this position poor paper ready.","1");
INSERT INTO Review (Books_ISBN,Users_id_user,date,grade,comment,approved) VALUES ("8496146163421","118","2017-11-17","1","Special message seek rather. Senior ever enough relate. Nothing environment customer back glass structure. Over act chance start business. That write blood history safe.","1");
INSERT INTO Review (Books_ISBN,Users_id_user,date,grade,comment,approved) VALUES ("9680410744593","322","2022-01-22","8","Positive note present control. Security with of establish beat party. Cause college evidence pretty recognize two letter. Hundred nearly including newspaper remember mission. Fast thought bar candidate.","1");
INSERT INTO Review (Books_ISBN,Users_id_user,date,grade,comment,approved) VALUES ("7669407037500","269","2022-08-15","6","Himself remain go degree participant. Suddenly late everything camera outside capital drug. Affect common possible news foot change something. Within growth maybe left area. Science worker response what with.","1");
INSERT INTO Review (Books_ISBN,Users_id_user,date,grade,comment,approved) VALUES ("5772357305445","157","2019-08-18","1","Rise miss from finish. Manage within discussion by heart one. Operation claim position bank should base spring project. Woman collection level result every beyond car success. Less group full history star can just.","1");
INSERT INTO Review (Books_ISBN,Users_id_user,date,grade,comment,approved) VALUES ("3292471452856","219","2019-08-11","9","Customer seek brother explain animal yard class. Such draw wish chair very. Since game worry structure improve. Central away arm prepare worry personal star. Here its once simply good evidence.","1");
INSERT INTO Review (Books_ISBN,Users_id_user,date,grade,comment,approved) VALUES ("4494596985436","44","2020-10-26","1","Whom father girl seven. Amount pick every report argue adult. Federal sea size cut shake his impact. Certain instead out dream whatever image give. Cost condition wear campaign.","1");
INSERT INTO Review (Books_ISBN,Users_id_user,date,grade,comment,approved) VALUES ("1250025184628","33","2022-11-27","1","Wonder role any president. Decide drive nothing yourself man husband. Work seek task human century author apply. Focus discussion organization. However choose several sometimes mind Democrat rich.","1");
INSERT INTO Review (Books_ISBN,Users_id_user,date,grade,comment,approved) VALUES ("1250025184628","80","2021-04-08","0","And himself price blood remember culture. Director west together trial per child. North help establish outside quite. Ball gas if probably study. No assume catch such.","1");
INSERT INTO Review (Books_ISBN,Users_id_user,date,grade,comment,approved) VALUES ("5513415173415","221","2020-06-27","10","The once wife could section message. Team year stock bit. Traditional wife speak former term between guess. Sport read number drop inside tonight act. Face trial star reveal may window.","1");
INSERT INTO Review (Books_ISBN,Users_id_user,date,grade,comment,approved) VALUES ("1250025184628","16","2022-05-04","7","Go recent clearly method air bank. Role area east foot cold yourself someone not. Consider page what build have public today. Other identify various away down about. Tv collection medical magazine surface although nor city.","1");
INSERT INTO Review (Books_ISBN,Users_id_user,date,grade,comment,approved) VALUES ("9053117093578","130","2020-10-08","1","Newspaper suggest often thus notice. Go rest follow century into true. Others save special customer upon very. Campaign summer anything new none should. Line when will also travel.","1");
INSERT INTO Review (Books_ISBN,Users_id_user,date,grade,comment,approved) VALUES ("3814639823221","37","2017-07-19","1","College case hundred measure southern do. Street protect and man teacher agree many everything. Suggest little pay task scene not manager. Walk onto career. Chance pattern have day.","1");
INSERT INTO Review (Books_ISBN,Users_id_user,date,grade,comment,approved) VALUES ("4922333424977","16","2020-09-27","5","Own possible pull strong become election. Where thank technology shake. Herself us whose upon. Yes case music section. Require environmental shake decide central agreement together.","1");
INSERT INTO Review (Books_ISBN,Users_id_user,date,grade,comment,approved) VALUES ("2420134513541","92","2018-01-21","0","Land their great fill again none. Sign seem air recognize radio. Home both impact wait magazine energy. Book this available town season I really. Property sister education defense think leader.","1");
INSERT INTO Review (Books_ISBN,Users_id_user,date,grade,comment,approved) VALUES ("3186253015528","188","2017-08-08","1","Experience party next prevent star me his. Student leader let movie senior weight. You available out create trial too. Relationship poor region senior and. Above section wind.","1");
INSERT INTO Review (Books_ISBN,Users_id_user,date,grade,comment,approved) VALUES ("2531752319740","74","2022-11-08","3","Would lay themselves you join thank. Do indeed simple by despite. City say miss television leg. Note exist appear garden. Out arrive order among lay manage man morning.","1");
INSERT INTO Review (Books_ISBN,Users_id_user,date,grade,comment,approved) VALUES ("7776790190029","105","2018-01-02","10","Push tend federal book president consumer. Decade half event study always amount development. Specific lay rich example. Little close also practice. Personal how population physical game forward individual.","1");
INSERT INTO Review (Books_ISBN,Users_id_user,date,grade,comment,approved) VALUES ("9585566563929","64","2021-08-02","0","Seem before black approach owner wide. Suggest some girl dark sea. Analysis without firm soldier cut. Arm operation serve dream Mr. Weight offer capital sister job issue.","1");
INSERT INTO Review (Books_ISBN,Users_id_user,date,grade,comment,approved) VALUES ("9275249202891","189","2017-05-24","0","Result new defense machine effect lose. Coach wrong simply eat. Business stage hold attack along relate human dream. Around report less system provide physical major. Gas stock can change amount.","1");
INSERT INTO Review (Books_ISBN,Users_id_user,date,grade,comment,approved) VALUES ("4890166068174","120","2021-02-20","2","Run pay stock third rest appear these. Stop skill future begin hope civil. Yourself game our build billion. Accept government or weight fast whole send nation. You better everyone toward federal should.","1");
INSERT INTO Review (Books_ISBN,Users_id_user,date,grade,comment,approved) VALUES ("6704070358384","233","2017-09-18","1","Method education task cultural house. Little point magazine cut not group nice. Simple fine we. Cut quickly about me. Might dog safe hit detail exist involve finish.","1");
INSERT INTO Review (Books_ISBN,Users_id_user,date,grade,comment,approved) VALUES ("9700123532167","177","2020-12-10","4","Simple grow end everybody feel place career. Crime recent between should truth city break. Computer anything own hard play size second. So whole firm mission. Catch air just for.","1");
INSERT INTO Review (Books_ISBN,Users_id_user,date,grade,comment,approved) VALUES ("4235357329612","15","2020-08-16","3","Employee much relationship like should. Exactly safe after color far quickly consider. World run want hotel. Degree south everybody agreement. Another form tend section.","1");
INSERT INTO Review (Books_ISBN,Users_id_user,date,grade,comment,approved) VALUES ("8884002597743","172","2018-10-04","7","Democrat drug population term language world. Season else continue night prepare might point. Usually home value safe move. Left impact television poor. Pick reduce citizen business line heavy.","1");
INSERT INTO Review (Books_ISBN,Users_id_user,date,grade,comment,approved) VALUES ("5574996396846","152","2018-10-13","8","Floor necessary quality quite firm beautiful. Indicate involve phone group person structure. Service Mrs strategy past nice other human. Staff help wear television away through lay product. Trial contain table model democratic long conference result.","1");
INSERT INTO Review (Books_ISBN,Users_id_user,date,grade,comment,approved) VALUES ("4377696374851","168","2015-09-11","2","Production dinner story view phone situation late. Safe material also impact also professor. Result which pay available sign star over. Be article still glass interesting expert. Article consumer would military sit style worker.","1");
INSERT INTO Review (Books_ISBN,Users_id_user,date,grade,comment,approved) VALUES ("3933117729381","42","2021-07-23","1","Property later prepare. Your member young college attorney contain. Heart game lead stop store hair include. Member apply perhaps economic loss. Face foreign spring.","1");
INSERT INTO Review (Books_ISBN,Users_id_user,date,grade,comment,approved) VALUES ("7349205189047","298","2021-08-23","4","Practice child suffer field training less pressure. Drug recognize authority someone knowledge scientist. Traditional fact certain talk nearly week. Many edge moment pay policy seven report industry. Fund yet between Democrat.","1");
INSERT INTO Review (Books_ISBN,Users_id_user,date,grade,comment,approved) VALUES ("2412367612200","193","2016-04-22","2","Group month discuss star personal. Language bring would population. East real suffer serve skill red item. Discuss marriage statement eat in property. Usually scene yourself too only pressure weight.","1");
INSERT INTO Review (Books_ISBN,Users_id_user,date,grade,comment,approved) VALUES ("5258784992626","115","2022-08-04","5","Perhaps for your sure two budget. Candidate build south around window me. Gun offer return pattern. Specific traditional remember project her. White brother simple physical.","1");
INSERT INTO Review (Books_ISBN,Users_id_user,date,grade,comment,approved) VALUES ("6937076781189","125","2019-12-06","3","Year mouth follow foreign. His approach candidate everybody enjoy page. Might window spend media from among marriage east. Week east lead too. Interest turn choose grow player until him between.","1");
INSERT INTO Review (Books_ISBN,Users_id_user,date,grade,comment,approved) VALUES ("8351260072134","95","2018-05-09","4","Challenge beautiful billion close meet. View exactly decade concern score race. Friend realize fire painting station daughter. Century ago near. Option use determine create.","1");
INSERT INTO Review (Books_ISBN,Users_id_user,date,grade,comment,approved) VALUES ("2122899237347","215","2017-08-30","10","Field both ago. Glass science man bag offer. Information who yard us. Lawyer number measure. Sure require listen whose voice much.","1");
INSERT INTO Review (Books_ISBN,Users_id_user,date,grade,comment,approved) VALUES ("6809733472810","68","2016-06-24","9","Receive surface central on. Street when finish game perhaps. Population assume weight whatever until. Ground over effect protect movement behavior person. We country decision this how.","1");
INSERT INTO Review (Books_ISBN,Users_id_user,date,grade,comment,approved) VALUES ("3450298972278","202","2020-05-17","1","Fish response employee size. Reality a serious should anyone free early. Science give exactly. Police skin interesting return short admit top. Eight series make weight expert maybe dream.","1");
INSERT INTO Review (Books_ISBN,Users_id_user,date,grade,comment,approved) VALUES ("6177939335054","38","2017-08-29","2","Huge good moment watch. Raise fire her turn fire attention. Thought listen data successful. Near east our view born sit detail quickly. Marriage matter especially rather do they share.","1");
INSERT INTO Review (Books_ISBN,Users_id_user,date,grade,comment,approved) VALUES ("4350494471445","154","2022-12-07","8","Idea customer yes. Medical specific note owner. Past capital imagine. Finish form sit board sort voice. Year energy guess point take family.","1");
INSERT INTO Review (Books_ISBN,Users_id_user,date,grade,comment,approved) VALUES ("1250025184628","73","2018-10-22","9","Hold power soon blood daughter. Upon myself leader continue send. Less true large foreign but. A another young coach factor attorney especially. Mouth couple indicate hour certain cut.","1");
INSERT INTO Review (Books_ISBN,Users_id_user,date,grade,comment,approved) VALUES ("4494596985436","153","2018-08-16","10","Adult partner car create drive go. North skill sense here agency military style. Report president time. Need condition important determine practice happen student. Strategy company institution small couple although new big.","1");
INSERT INTO Review (Books_ISBN,Users_id_user,date,grade,comment,approved) VALUES ("3814639823221","44","2021-09-17","3","Wrong upon stuff federal. Parent drop record probably third worry account bit. Time action score white meeting need source. Other personal agency television after. Approach specific response career.","1");
INSERT INTO Review (Books_ISBN,Users_id_user,date,grade,comment,approved) VALUES ("3039217579284","324","2015-10-23","5","Task board feeling institution that though care. Set upon fly dog modern election ask. Early indeed political well rise. Trial these group against. Leg thousand TV tax those eight.","1");
INSERT INTO Review (Books_ISBN,Users_id_user,date,grade,comment,approved) VALUES ("3024469429739","271","2018-04-04","0","Save rich scientist enter. Choose his although music southern. Long once enter. Word we entire now edge produce article wish. Summer down staff another relationship require.","1");
INSERT INTO Review (Books_ISBN,Users_id_user,date,grade,comment,approved) VALUES ("8851877475764","210","2016-12-14","0","By audience language rest draw especially with. Whatever type fine use staff. Agent of trip anything southern administration. Home condition force. Pull approach fish capital.","1");
INSERT INTO Review (Books_ISBN,Users_id_user,date,grade,comment,approved) VALUES ("1250025184628","165","2020-03-01","7","Actually significant must student power. Democrat experience market tell effect me pass. Whom discover government evidence customer. Nice office thing thought one defense. Popular system leg less nothing light themselves kid.","1");
INSERT INTO Review (Books_ISBN,Users_id_user,date,grade,comment,approved) VALUES ("5770555420850","191","2018-04-14","4","By skill hope only. Your form woman nation step unit. Eye almost past she realize. Former born eat minute become production. Manager wall financial base indicate whole.","1");
INSERT INTO Review (Books_ISBN,Users_id_user,date,grade,comment,approved) VALUES ("6538610964180","47","2018-11-19","2","Big whom character. Suddenly sort cost dream experience. Ground what human short. Else friend billion collection arrive cost. Policy their hot year use.","1");
INSERT INTO Review (Books_ISBN,Users_id_user,date,grade,comment,approved) VALUES ("6852096697962","142","2019-08-04","1","Matter care degree wish. Similar such think. So including mean yet executive. Investment raise fact experience produce give bar. Recent fire yard any.","1");
INSERT INTO Review (Books_ISBN,Users_id_user,date,grade,comment,approved) VALUES ("2913041662464","311","2023-05-13","2","Appear source floor new. Safe plan alone message form. Down condition build medical. Relate inside animal money deal better. Hand put truth early research.","1");
INSERT INTO Review (Books_ISBN,Users_id_user,date,grade,comment,approved) VALUES ("6177939335054","229","2019-02-15","6","Will law allow. Admit write before. Approach avoid serve sometimes. Effect would must thus address effect. Particularly whether draw whether or range.","1");
INSERT INTO Review (Books_ISBN,Users_id_user,date,grade,comment,approved) VALUES ("6704070358384","216","2019-01-15","6","Your agree involve lose guess fire firm. Despite born little late. Ahead force miss arrive once. Project material low do town. Model send interest picture operation.","1");
INSERT INTO Review (Books_ISBN,Users_id_user,date,grade,comment,approved) VALUES ("5842917913714","127","2019-01-12","7","Continue break they even war do. Man create choose price think plan yard. Maintain apply civil kind risk option learn. Close firm realize possible three which. Above son throw in wonder better.","1");
INSERT INTO Review (Books_ISBN,Users_id_user,date,grade,comment,approved) VALUES ("3330539779172","268","2017-07-18","2","Southern economy road produce have minute really. Defense list special. If Mrs soldier through able black. Capital month fish happen and. Arrive itself though they.","1");
INSERT INTO Review (Books_ISBN,Users_id_user,date,grade,comment,approved) VALUES ("3814639823221","237","2018-11-17","10","Voice standard low the. Center night since several indeed citizen attack. Can hotel at agreement agent strong fish network. Image major when pull deep product reach. Per off place thousand white partner computer.","1");
INSERT INTO Review (Books_ISBN,Users_id_user,date,grade,comment,approved) VALUES ("3024469429739","45","2016-03-29","7","Person tell military believe plan give. Model happen start fall how scene speech community. Decide race American west one something watch hundred. Simple claim baby of marriage enter beyond. Yourself probably health production country question bed.","1");
INSERT INTO Review (Books_ISBN,Users_id_user,date,grade,comment,approved) VALUES ("8351260072134","105","2020-06-24","4","Step become director anyone network majority today. Style help garden new staff. Art truth dinner firm. Stand road thus grow next red its. Simple adult message government.","1");
INSERT INTO Review (Books_ISBN,Users_id_user,date,grade,comment,approved) VALUES ("7776790190029","230","2016-07-21","9","Environment close four car. Energy mother finish. Receive environment democratic state surface. Home town identify civil better boy hear. High rest a hundred level.","1");
INSERT INTO Review (Books_ISBN,Users_id_user,date,grade,comment,approved) VALUES ("4616537110670","4","2018-09-12","3","Federal hit race grow federal much herself relate. Sport during end American drug much. Sometimes respond her. Employee painting tonight table impact face would east. Inside fire in hair only peace best.","1");
INSERT INTO Review (Books_ISBN,Users_id_user,date,grade,comment,approved) VALUES ("4580596726802","59","2019-05-22","10","Experience charge production relate. Finally suffer yard PM still manage cause agreement. Majority large voice who memory. Yes quite color employee bar player drug. My themselves final professor mission value.","1");
INSERT INTO Review (Books_ISBN,Users_id_user,date,grade,comment,approved) VALUES ("3786043072352","280","2016-10-14","9","Civil low over seven. People just he home movement. Including toward human option. Authority artist impact political beyond. Discuss total stuff people weight.","1");
INSERT INTO Review (Books_ISBN,Users_id_user,date,grade,comment,approved) VALUES ("1682570724040","218","2021-10-24","7","Level term effect show. Protect hotel expect business. Close people market move office. Structure character treatment structure meet could. Here across activity arrive truth.","1");
INSERT INTO Review (Books_ISBN,Users_id_user,date,grade,comment,approved) VALUES ("9611120951947","348","2019-03-19","7","Language reflect station exist opportunity think face. Republican effect eight Democrat. Traditional fish enjoy meet discussion. Gun tree difficult seem. Prevent stay drop billion join.","1");
INSERT INTO Review (Books_ISBN,Users_id_user,date,grade,comment,approved) VALUES ("5108507254223","119","2021-04-25","8","Enter card eat American now. Century your report compare billion affect. Our bad response money not hear talk. Myself event growth life. Main important also others toward start always.","1");
INSERT INTO Review (Books_ISBN,Users_id_user,date,grade,comment,approved) VALUES ("1359909924897","208","2017-11-10","4","Large age act. Simple challenge political result. South find structure put statement force yeah. Minute trial nation space year knowledge. Receive born job cost father sort ask.","1");
INSERT INTO Review (Books_ISBN,Users_id_user,date,grade,comment,approved) VALUES ("3932505315635","12","2022-02-24","1","Go party few few. Let recognize strategy also. Shoulder everything beyond mean which address. Short involve allow state. Stage that raise pick capital.","1");
INSERT INTO Review (Books_ISBN,Users_id_user,date,grade,comment,approved) VALUES ("6298473200792","343","2021-12-25","0","Speak explain there page edge. Authority small design whole. Toward local mission teach government station different out. Ten with likely discussion take trip. Measure possible member over quality.","1");
INSERT INTO Review (Books_ISBN,Users_id_user,date,grade,comment,approved) VALUES ("7776790190029","132","2017-04-03","6","Cost present long finally center step. Fast that truth possible fast range. Place remember husband argue. Certain weight article sing he operation probably. Play trip note kitchen.","1");
INSERT INTO Review (Books_ISBN,Users_id_user,date,grade,comment,approved) VALUES ("5741820860103","298","2021-01-13","6","Traditional star husband someone. Seem seven time. Admit always education market in water. Language add ahead growth easy hot learn. Travel hospital join.","1");
INSERT INTO Review (Books_ISBN,Users_id_user,date,grade,comment,approved) VALUES ("3039217579284","53","2020-12-28","4","Standard smile area true sport boy our. Stay clear rock year wrong program citizen detail. Response themselves my head truth. Authority person various light debate. Adult itself enter I deal unit.","1");
INSERT INTO Review (Books_ISBN,Users_id_user,date,grade,comment,approved) VALUES ("3814639823221","146","2018-09-28","10","Network financial agency north base. Half imagine explain half. Charge into worker Mr firm. Drug source open role we. Financial light push line into provide stand.","1");
INSERT INTO Review (Books_ISBN,Users_id_user,date,grade,comment,approved) VALUES ("4349409104130","305","2019-10-25","1","Friend court weight first million bar nature item. Conference seat shake public mind theory population. Likely police put. Anyone throw goal his site phone finally. Well choice personal end would kitchen.","1");
INSERT INTO Review (Books_ISBN,Users_id_user,date,grade,comment,approved) VALUES ("2736498861273","37","2015-11-22","4","Set better rich whose way hair available issue. Many also know. Color campaign then never wait finally. Improve doctor it training society nearly. Door total leg opportunity writer some.","1");
INSERT INTO Review (Books_ISBN,Users_id_user,date,grade,comment,approved) VALUES ("3851194388241","274","2018-12-07","5","North individual pay all through laugh hope customer. Second agency friend recently it call commercial. Mr least risk building example. Stage food sure election anyone. Health player training itself.","1");
INSERT INTO Review (Books_ISBN,Users_id_user,date,grade,comment,approved) VALUES ("2612523949317","272","2020-09-26","3","Move last free discussion writer recognize. Instead improve blue scene pass court organization. Ago movement his stand. Beat natural identify owner sure word. Provide you message wife father trouble.","1");
INSERT INTO Review (Books_ISBN,Users_id_user,date,grade,comment,approved) VALUES ("1359909924897","84","2018-10-23","1","Upon operation sometimes. Thus society together simply. Will along its carry nearly seat performance. Race pressure play page protect. See even fish current good walk.","1");
INSERT INTO Review (Books_ISBN,Users_id_user,date,grade,comment,approved) VALUES ("1250025184628","149","2017-12-13","4","Usually green memory truth main. Away them rather sing no trial adult have. Source idea newspaper throughout. Less culture line system investment. Though chance floor agree.","1");
INSERT INTO Review (Books_ISBN,Users_id_user,date,grade,comment,approved) VALUES ("1629730416114","69","2018-08-01","9","Upon movie but role. Plan word after individual might usually six whole. Order gas for pattern control boy every. Commercial probably these. Career wide nearly might long machine international.","1");
INSERT INTO Review (Books_ISBN,Users_id_user,date,grade,comment,approved) VALUES ("1629730416114","322","2020-06-24","3","Next though others number main ability short. Manager property box short. Ago market out court. Condition authority party week similar worker send. Head establish turn sell peace whole research.","1");
INSERT INTO Review (Books_ISBN,Users_id_user,date,grade,comment,approved) VALUES ("7349205189047","54","2022-04-24","6","Same suddenly television heavy expect former design. Modern gun language front type believe affect detail. Across reduce whatever special. Owner cost walk nearly line both but. Consumer like computer politics claim involve.","1");
INSERT INTO Review (Books_ISBN,Users_id_user,date,grade,comment,approved) VALUES ("4377696374851","279","2023-01-19","6","Career generation safe nearly and amount stop. Child in better authority. New design fly never including. Young major ready full break from challenge. Capital resource accept marriage.","1");
INSERT INTO Review (Books_ISBN,Users_id_user,date,grade,comment,approved) VALUES ("2595897630345","143","2016-01-06","4","Either increase list with. Policy positive different. Fly view among fire husband. Situation happy late true culture relate try their. How kind specific from again itself.","1");
INSERT INTO Review (Books_ISBN,Users_id_user,date,grade,comment,approved) VALUES ("3039217579284","191","2016-06-05","9","Hard assume claim. Plant some personal physical. Area thus animal parent research find customer. Join material peace five. Rise bag service stand series late raise.","1");
INSERT INTO Review (Books_ISBN,Users_id_user,date,grade,comment,approved) VALUES ("4871347505250","71","2020-07-01","2","Ok when laugh day. Time popular million tough. Quality call performance. Receive activity alone. Like energy focus shake bring available provide.","1");
INSERT INTO Review (Books_ISBN,Users_id_user,date,grade,comment,approved) VALUES ("6576520688037","62","2021-05-29","6","Development available friend campaign wrong often. Wear cold eight offer however. Though require treatment mention moment social mother. Tonight manage just walk option bed opportunity. Goal me quickly sound onto help.","1");
INSERT INTO Review (Books_ISBN,Users_id_user,date,grade,comment,approved) VALUES ("3296628768301","303","2018-05-19","7","Never station left candidate. Ground sea against. Be serious whether entire. Sometimes step him here front able edge. Make social out vote card doctor summer.","1");
INSERT INTO Review (Books_ISBN,Users_id_user,date,grade,comment,approved) VALUES ("5576960500855","287","2015-09-09","10","Administration minute line film. Person whom water kid couple cost. Onto senior money network score. That land civil live give technology. Something first style professional send.","1");
INSERT INTO Review (Books_ISBN,Users_id_user,date,grade,comment,approved) VALUES ("4580596726802","182","2019-06-06","10","Book boy yard out in top. Increase hand player card him TV but. Range policy democratic unit conference PM entire goal. When majority decision try billion cold. Case line mouth per him tough discussion will.","1");
INSERT INTO Review (Books_ISBN,Users_id_user,date,grade,comment,approved) VALUES ("7455106076120","213","2016-05-08","3","Above theory high however exactly situation money body. Us home treatment nation center single agent. Him base western any character. Crime north example. Believe maybe school upon.","1");
INSERT INTO Review (Books_ISBN,Users_id_user,date,grade,comment,approved) VALUES ("9700123532167","251","2022-07-07","8","These chair pretty. Ask bag since poor amount party thought. Recently arrive the such people different result. Successful management will almost pay image young. Thing alone class increase alone summer order.","1");
INSERT INTO Review (Books_ISBN,Users_id_user,date,grade,comment,approved) VALUES ("7834826922727","253","2017-08-17","10","Year cause themselves law short. Federal remember miss seem. Identify too shoulder positive sure despite nature serious. Easy herself research include. Everyone detail area interesting.","1");
INSERT INTO Review (Books_ISBN,Users_id_user,date,grade,comment,approved) VALUES ("8788824449030","228","2022-10-13","4","Decision degree can national yourself painting act. Treatment chair lay scene. Listen once attack. In project provide blood how not nature. Run best season government stand.","1");
INSERT INTO Review (Books_ISBN,Users_id_user,date,grade,comment,approved) VALUES ("2213227462524","254","2022-07-07","0","National right reflect consider thus. Seat research store southern forward. Very race year person. Lay story fall there parent treat. A wide shake.","1");
INSERT INTO Review (Books_ISBN,Users_id_user,date,grade,comment,approved) VALUES ("2470695749941","111","2021-12-12","0","Price from religious character reduce left. Far save quickly would. Action individual house inside know Mr drug. Defense president water station. Expert question son necessary many ok.","1");
INSERT INTO Review (Books_ISBN,Users_id_user,date,grade,comment,approved) VALUES ("3814639823221","242","2016-06-23","6","Me third machine cost until level. Energy charge coach understand role sport. Board medical over. Effect information manage name believe prove help. Mind minute professor situation our.","1");
INSERT INTO Review (Books_ISBN,Users_id_user,date,grade,comment,approved) VALUES ("9549180827234","270","2022-09-15","1","Level again wonder property generation kid fast. Air catch between station. Rock religious exactly or phone. Gas save official peace. Green project go majority doctor wrong appear.","1");
INSERT INTO Review (Books_ISBN,Users_id_user,date,grade,comment,approved) VALUES ("6600203596803","42","2019-02-02","10","Say perhaps weight because my thing. Single floor just network break simple boy. Better chance energy wall stock full. On believe yeah simply. Pretty health people difference decade long.","1");
INSERT INTO Review (Books_ISBN,Users_id_user,date,grade,comment,approved) VALUES ("2595897630345","343","2020-04-05","6","Most interesting pass special east positive. Sure name its medical them start attorney. Miss fine people range. He could feel tell long left place. Clearly policy the to student represent.","1");
INSERT INTO Review (Books_ISBN,Users_id_user,date,grade,comment,approved) VALUES ("1710475945045","185","2021-05-04","0","Growth floor manage use trade. Strong treat health. Policy network check above. Act mean health open country hundred process. Either blue center body.","1");
INSERT INTO Review (Books_ISBN,Users_id_user,date,grade,comment,approved) VALUES ("6061995270775","318","2017-09-19","0","Kind animal life act area Mr wonder property. Clear have and wonder. Information really early various PM war new. Example network test behind condition someone though. Guy much security else usually.","1");
INSERT INTO Review (Books_ISBN,Users_id_user,date,grade,comment,approved) VALUES ("6298473200792","328","2022-01-08","4","Somebody step tend significant middle military own. Nothing billion someone drug future. Street hair certainly fact. Happy make system industry glass item. Organization week cultural soon food.","1");
INSERT INTO Review (Books_ISBN,Users_id_user,date,grade,comment,approved) VALUES ("7532510387839","117","2020-01-08","2","Firm red difficult opportunity white practice. Debate fund raise into. Force should up. Partner bed laugh western rise. Page probably writer conference thing story project sell.","1");
INSERT INTO Review (Books_ISBN,Users_id_user,date,grade,comment,approved) VALUES ("6094716426570","294","2021-12-11","4","Player well possible. Nor affect carry wish money speech recently poor. Onto weight source ahead. May because certain determine subject win. Medical scene option resource.","1");
INSERT INTO Review (Books_ISBN,Users_id_user,date,grade,comment,approved) VALUES ("3029856447110","54","2018-05-18","6","Dinner friend sound science. Year local son. Mission ask scene ground model final. Agreement candidate good environmental can Congress two. Say method successful form charge the.","1");
INSERT INTO Review (Books_ISBN,Users_id_user,date,grade,comment,approved) VALUES ("1743109118338","170","2016-10-18","6","Treatment action focus method. Teach owner increase collection over. Real wind think easy lead teach carry. Save allow town. Writer determine thank be scene near morning.","1");
INSERT INTO Review (Books_ISBN,Users_id_user,date,grade,comment,approved) VALUES ("8378538056308","170","2023-04-04","6","Call fly board society. Ok behind behind. Truth head million yeah art no. Rate policy interesting experience any run. Child article conference well appear land born.","1");
INSERT INTO Review (Books_ISBN,Users_id_user,date,grade,comment,approved) VALUES ("4550550339925","223","2018-01-20","2","Machine executive manager add see. Happy national size crime still. Agent floor party tell sister. Process need until big. Range let understand admit catch company light point.","1");
INSERT INTO Review (Books_ISBN,Users_id_user,date,grade,comment,approved) VALUES ("5513415173415","76","2022-03-29","8","Design and site usually account start. Positive decision whatever. Well process wonder eat then later table. Moment save talk population. Chair minute attention ability.","1");
INSERT INTO Review (Books_ISBN,Users_id_user,date,grade,comment,approved) VALUES ("1232679077977","67","2017-04-12","3","Particular article realize toward generation table consider stand. Whether ability break military religious point media. Second professor too bag. Appear chair easy hold. School across song.","1");
INSERT INTO Review (Books_ISBN,Users_id_user,date,grade,comment,approved) VALUES ("6704070358384","228","2019-04-16","5","Perform shoulder man member respond important. Deal capital capital strong central behind. Bed success remain thing chair tax value. Especially item artist opportunity girl game participant inside. Through according scene concern ever deal century.","1");
INSERT INTO Review (Books_ISBN,Users_id_user,date,grade,comment,approved) VALUES ("6735905556559","219","2017-02-19","7","Great product dark team follow choice. Nothing west mission special fight. Every including sort many. We apply picture member direction give individual. To these alone significant.","1");
INSERT INTO Review (Books_ISBN,Users_id_user,date,grade,comment,approved) VALUES ("6735905556559","113","2015-10-17","3","Staff cover choice red necessary. Behind civil future traditional why something mind. Letter majority argue special establish accept within. Kid rise building now much continue. Single measure house training people.","1");
INSERT INTO Review (Books_ISBN,Users_id_user,date,grade,comment,approved) VALUES ("1382601465276","105","2020-09-24","9","Total performance give crime hour usually technology. Traditional especially born base yes cost tell late. Note leg around occur. Reflect his state agreement part night only. Four control shoulder for person campaign interview.","1");
INSERT INTO Review (Books_ISBN,Users_id_user,date,grade,comment,approved) VALUES ("2164105426935","26","2016-01-10","6","Cover until light bag certain just reflect. Discuss practice hospital positive. So material hope idea. Whole whole truth number. Reality important trouble reduce star.","1");
INSERT INTO Review (Books_ISBN,Users_id_user,date,grade,comment,approved) VALUES ("3585150118155","120","2016-11-24","10","West day result black. Nature baby sit brother address because thing. Week bar question magazine yes. Must money protect other benefit guess adult. Energy general grow say.","1");
INSERT INTO Review (Books_ISBN,Users_id_user,date,grade,comment,approved) VALUES ("3508121487314","96","2017-03-08","5","Agreement rule ball since next week own. Air him develop generation in save from. Forward authority cover interest. Exactly bed still peace million prevent. Candidate per country water management edge.","1");
INSERT INTO Review (Books_ISBN,Users_id_user,date,grade,comment,approved) VALUES ("4598808979388","327","2016-02-22","10","Their way relationship sing past magazine. School glass government as shake. Under west someone dog face one day mind. These spring least. Major dream improve finish.","1");
INSERT INTO Review (Books_ISBN,Users_id_user,date,grade,comment,approved) VALUES ("5842917913714","120","2016-05-30","9","Share well black fine me. Talk each career. Success course animal social now. Maintain possible project he big. Financial city data impact commercial deal.","1");
INSERT INTO Review (Books_ISBN,Users_id_user,date,grade,comment,approved) VALUES ("4580596726802","314","2017-03-21","1","Family become black statement. Join part same would name figure. Form two discover catch amount not prepare entire. Moment which fire direction director oil. Dinner explain place yeah lawyer begin everything.","1");
INSERT INTO Review (Books_ISBN,Users_id_user,date,grade,comment,approved) VALUES ("9275573288560","263","2018-10-10","4","Office financial religious under soldier ever. Several price exist role. Author song white family unit able. Campaign plan young. Produce soldier edge sometimes watch lawyer.","1");
INSERT INTO Review (Books_ISBN,Users_id_user,date,grade,comment,approved) VALUES ("6850838351963","181","2022-06-02","6","Wide power window adult reach everything activity. Red agree lay wait. Rest chance effect level. Rather forget responsibility difference late drug back. Collection more live play.","1");
INSERT INTO Review (Books_ISBN,Users_id_user,date,grade,comment,approved) VALUES ("1743109118338","28","2020-08-15","10","Activity program serious. Local program health dinner town reach return. Some blue seven ability example authority. Though face want garden. Executive imagine land necessary rate final history.","1");



INSERT INTO Borrow (Books_ISBN,Users_id_user,start_date,end_date,approved) VALUES ("3786043072352","209","2021-10-27","2021-10-27","1");
INSERT INTO Borrow (Books_ISBN,Users_id_user,start_date,end_date,approved) VALUES ("1686696014944","197","2018-08-03","2018-08-05","1");
INSERT INTO Borrow (Books_ISBN,Users_id_user,start_date,end_date,approved) VALUES ("8788824449030","84","2021-07-19","2021-07-23","1");
INSERT INTO Borrow (Books_ISBN,Users_id_user,start_date,end_date,approved) VALUES ("1488346389335","66","2015-12-18","2015-12-21","1");
INSERT INTO Borrow (Books_ISBN,Users_id_user,start_date,end_date,approved) VALUES ("3107007674143","147","2021-11-30","2021-12-05","1");
INSERT INTO Borrow (Books_ISBN,Users_id_user,start_date,end_date,approved) VALUES ("7532510387839","172","2023-03-03","2023-03-06","1");
INSERT INTO Borrow (Books_ISBN,Users_id_user,start_date,end_date,approved) VALUES ("4598808979388","19","2016-05-30","2016-05-31","1");
INSERT INTO Borrow (Books_ISBN,Users_id_user,start_date,end_date,approved) VALUES ("9069825692450","214","2018-04-30","2018-05-06","1");
INSERT INTO Borrow (Books_ISBN,Users_id_user,start_date,end_date,approved) VALUES ("2213227462524","252","2020-03-21","2020-03-27","1");
INSERT INTO Borrow (Books_ISBN,Users_id_user,start_date,end_date,approved) VALUES ("4890166068174","42","2022-11-03","2022-11-08","1");
INSERT INTO Borrow (Books_ISBN,Users_id_user,start_date,end_date,approved) VALUES ("9585566563929","78","2021-03-16","2021-03-20","1");
INSERT INTO Borrow (Books_ISBN,Users_id_user,start_date,end_date,approved) VALUES ("3814639823221","211","2020-12-02","2020-12-03","1");
INSERT INTO Borrow (Books_ISBN,Users_id_user,start_date,end_date,approved) VALUES ("2736498861273","314","2020-07-09","2020-07-15","1");
INSERT INTO Borrow (Books_ISBN,Users_id_user,start_date,end_date,approved) VALUES ("5568475094527","198","2019-01-06","2019-01-08","1");
INSERT INTO Borrow (Books_ISBN,Users_id_user,start_date,end_date,approved) VALUES ("1743109118338","25","2020-05-31","2020-06-02","1");
INSERT INTO Borrow (Books_ISBN,Users_id_user,start_date,end_date,approved) VALUES ("6121968691639","242","2019-09-25","2019-09-29","1");
INSERT INTO Borrow (Books_ISBN,Users_id_user,start_date,end_date,approved) VALUES ("5612193079777","78","2021-01-25","2021-01-27","1");
INSERT INTO Borrow (Books_ISBN,Users_id_user,start_date,end_date,approved) VALUES ("3450298972278","17","2017-03-29","2017-03-29","1");
INSERT INTO Borrow (Books_ISBN,Users_id_user,start_date,end_date,approved) VALUES ("4483582130081","317","2022-05-06","2022-05-09","1");
INSERT INTO Borrow (Books_ISBN,Users_id_user,start_date,end_date,approved) VALUES ("4235357329612","323","2017-12-02","2017-12-04","1");
INSERT INTO Borrow (Books_ISBN,Users_id_user,start_date,end_date,approved) VALUES ("3698317209475","54","2017-07-08","2017-07-14","1");
INSERT INTO Borrow (Books_ISBN,Users_id_user,start_date,end_date,approved) VALUES ("6177939335054","282","2022-02-27","2022-03-02","1");
INSERT INTO Borrow (Books_ISBN,Users_id_user,start_date,end_date,approved) VALUES ("9745064130457","178","2016-09-25","2016-09-30","1");
INSERT INTO Borrow (Books_ISBN,Users_id_user,start_date,end_date,approved) VALUES ("6899696559623","197","2018-04-03","2018-04-07","1");
INSERT INTO Borrow (Books_ISBN,Users_id_user,start_date,end_date,approved) VALUES ("9680410744593","252","2021-03-03","2021-03-07","1");
INSERT INTO Borrow (Books_ISBN,Users_id_user,start_date,end_date,approved) VALUES ("4575733290689","31","2020-09-19","2020-09-24","1");
INSERT INTO Borrow (Books_ISBN,Users_id_user,start_date,end_date,approved) VALUES ("2722315605532","240","2018-12-11","2018-12-15","1");
INSERT INTO Borrow (Books_ISBN,Users_id_user,start_date,end_date,approved) VALUES ("6100355284390","324","2019-06-02","2019-06-07","1");
INSERT INTO Borrow (Books_ISBN,Users_id_user,start_date,end_date,approved) VALUES ("9478064134359","334","2022-10-24","2022-10-28","1");
INSERT INTO Borrow (Books_ISBN,Users_id_user,start_date,end_date,approved) VALUES ("6576520688037","350","2016-07-04","2016-07-04","1");
INSERT INTO Borrow (Books_ISBN,Users_id_user,start_date,end_date,approved) VALUES ("3294479293071","319","2017-10-13","2017-10-13","1");
INSERT INTO Borrow (Books_ISBN,Users_id_user,start_date,end_date,approved) VALUES ("9275249202891","66","2016-09-27","2016-10-03","1");
INSERT INTO Borrow (Books_ISBN,Users_id_user,start_date,end_date,approved) VALUES ("6735905556559","151","2017-05-04","2017-05-09","1");
INSERT INTO Borrow (Books_ISBN,Users_id_user,start_date,end_date,approved) VALUES ("2344284101340","349","2020-11-18","2020-11-23","1");
INSERT INTO Borrow (Books_ISBN,Users_id_user,start_date,end_date,approved) VALUES ("6576520688037","266","2022-10-13","2022-10-18","1");
INSERT INTO Borrow (Books_ISBN,Users_id_user,start_date,end_date,approved) VALUES ("3029856447110","20","2018-08-13","2018-08-14","1");
INSERT INTO Borrow (Books_ISBN,Users_id_user,start_date,end_date,approved) VALUES ("1878178615269","228","2022-09-02","2022-09-03","1");
INSERT INTO Borrow (Books_ISBN,Users_id_user,start_date,end_date,approved) VALUES ("2122899237347","98","2018-01-28","2018-01-31","1");
INSERT INTO Borrow (Books_ISBN,Users_id_user,start_date,end_date,approved) VALUES ("3718163957757","183","2017-01-29","2017-02-03","1");
INSERT INTO Borrow (Books_ISBN,Users_id_user,start_date,end_date,approved) VALUES ("3932505315635","39","2021-07-08","2021-07-13","1");
INSERT INTO Borrow (Books_ISBN,Users_id_user,start_date,end_date,approved) VALUES ("6809733472810","21","2015-11-10","2015-11-10","1");
INSERT INTO Borrow (Books_ISBN,Users_id_user,start_date,end_date,approved) VALUES ("8660676074299","131","2022-06-17","2022-06-22","1");
INSERT INTO Borrow (Books_ISBN,Users_id_user,start_date,end_date,approved) VALUES ("3457931777651","267","2022-10-01","2022-10-07","1");
INSERT INTO Borrow (Books_ISBN,Users_id_user,start_date,end_date,approved) VALUES ("7362470200301","292","2019-12-07","2019-12-07","1");
INSERT INTO Borrow (Books_ISBN,Users_id_user,start_date,end_date,approved) VALUES ("3042167126552","111","2016-11-20","2016-11-22","1");
INSERT INTO Borrow (Books_ISBN,Users_id_user,start_date,end_date,approved) VALUES ("2304298198764","48","2020-11-29","2020-12-03","1");
INSERT INTO Borrow (Books_ISBN,Users_id_user,start_date,end_date,approved) VALUES ("9680410744593","322","2018-09-16","2018-09-17","1");
INSERT INTO Borrow (Books_ISBN,Users_id_user,start_date,end_date,approved) VALUES ("5612193079777","258","2021-01-31","2021-02-01","1");
INSERT INTO Borrow (Books_ISBN,Users_id_user,start_date,end_date,approved) VALUES ("7669407037500","269","2016-11-08","2016-11-12","1");
INSERT INTO Borrow (Books_ISBN,Users_id_user,start_date,end_date,approved) VALUES ("4350494471445","260","2021-02-13","2021-02-17","1");
INSERT INTO Borrow (Books_ISBN,Users_id_user,start_date,end_date,approved) VALUES ("3851194388241","59","2023-04-19","2023-04-20","1");
INSERT INTO Borrow (Books_ISBN,Users_id_user,start_date,end_date,approved) VALUES ("3292471452856","219","2015-12-10","2015-12-10","1");
INSERT INTO Borrow (Books_ISBN,Users_id_user,start_date,end_date,approved) VALUES ("6929090702953","217","2021-03-14","2021-03-18","1");
INSERT INTO Borrow (Books_ISBN,Users_id_user,start_date,end_date,approved) VALUES ("3508121487314","54","2019-08-15","2019-08-18","1");
INSERT INTO Borrow (Books_ISBN,Users_id_user,start_date,end_date,approved) VALUES ("1250025184628","33","2023-03-30","2023-04-04","1");
INSERT INTO Borrow (Books_ISBN,Users_id_user,start_date,end_date,approved) VALUES ("6121968691639","213","2020-03-21","2020-03-26","1");
INSERT INTO Borrow (Books_ISBN,Users_id_user,start_date,end_date,approved) VALUES ("9680410744593","80","2022-07-26","2022-07-27","1");
INSERT INTO Borrow (Books_ISBN,Users_id_user,start_date,end_date,approved) VALUES ("7723792775412","16","2016-03-06","2016-03-12","1");
INSERT INTO Borrow (Books_ISBN,Users_id_user,start_date,end_date,approved) VALUES ("5513415173415","221","2022-12-09","2022-12-10","1");
INSERT INTO Borrow (Books_ISBN,Users_id_user,start_date,end_date,approved) VALUES ("6600203596803","214","2018-06-19","2018-06-19","1");
INSERT INTO Borrow (Books_ISBN,Users_id_user,start_date,end_date,approved) VALUES ("2669693465209","255","2022-11-27","2022-12-01","1");
INSERT INTO Borrow (Books_ISBN,Users_id_user,start_date,end_date,approved) VALUES ("9053117093578","130","2017-12-25","2017-12-30","1");
INSERT INTO Borrow (Books_ISBN,Users_id_user,start_date,end_date,approved) VALUES ("4902267744847","181","2022-10-24","2022-10-26","1");
INSERT INTO Borrow (Books_ISBN,Users_id_user,start_date,end_date,approved) VALUES ("6862061717290","63","2016-05-08","2016-05-13","1");
INSERT INTO Borrow (Books_ISBN,Users_id_user,start_date,end_date,approved) VALUES ("4922333424977","16","2018-07-07","2018-07-10","1");
INSERT INTO Borrow (Books_ISBN,Users_id_user,start_date,end_date,approved) VALUES ("6457682027631","179","2020-03-20","2020-03-22","1");
INSERT INTO Borrow (Books_ISBN,Users_id_user,start_date,end_date,approved) VALUES ("9664884189825","6","2020-09-21","2020-09-21","1");
INSERT INTO Borrow (Books_ISBN,Users_id_user,start_date,end_date,approved) VALUES ("3186253015528","188","2017-10-31","2017-11-03","1");
INSERT INTO Borrow (Books_ISBN,Users_id_user,start_date,end_date,approved) VALUES ("6862061717290","306","2019-02-19","2019-02-24","1");
INSERT INTO Borrow (Books_ISBN,Users_id_user,start_date,end_date,approved) VALUES ("2213227462524","107","2015-11-22","2015-11-28","1");
INSERT INTO Borrow (Books_ISBN,Users_id_user,start_date,end_date,approved) VALUES ("7776790190029","105","2020-03-07","2020-03-12","1");
INSERT INTO Borrow (Books_ISBN,Users_id_user,start_date,end_date,approved) VALUES ("2838874590448","345","2017-08-24","2017-08-27","1");
INSERT INTO Borrow (Books_ISBN,Users_id_user,start_date,end_date,approved) VALUES ("7723792775412","64","2018-01-08","2018-01-08","1");
INSERT INTO Borrow (Books_ISBN,Users_id_user,start_date,end_date,approved) VALUES ("8502221090747","4","2021-06-09","2021-06-13","1");
INSERT INTO Borrow (Books_ISBN,Users_id_user,start_date,end_date,approved) VALUES ("9275249202891","189","2023-03-12","2023-03-16","1");
INSERT INTO Borrow (Books_ISBN,Users_id_user,start_date,end_date,approved) VALUES ("6664280687822","13","2016-02-26","2016-03-02","1");
INSERT INTO Borrow (Books_ISBN,Users_id_user,start_date,end_date,approved) VALUES ("4890166068174","120","2019-08-25","2019-08-30","1");
INSERT INTO Borrow (Books_ISBN,Users_id_user,start_date,end_date,approved) VALUES ("2213227462524","96","2016-11-13","2016-11-19","1");
INSERT INTO Borrow (Books_ISBN,Users_id_user,start_date,end_date,approved) VALUES ("3718163957757","58","2020-09-27","2020-10-01","1");
INSERT INTO Borrow (Books_ISBN,Users_id_user,start_date,end_date,approved) VALUES ("9700123532167","177","2020-06-19","2020-06-23","1");
INSERT INTO Borrow (Books_ISBN,Users_id_user,start_date,end_date,approved) VALUES ("2164105426935","133","2021-02-02","2021-02-07","1");
INSERT INTO Borrow (Books_ISBN,Users_id_user,start_date,end_date,approved) VALUES ("4235357329612","15","2017-03-26","2017-03-29","1");
INSERT INTO Borrow (Books_ISBN,Users_id_user,start_date,end_date,approved) VALUES ("7542182062612","186","2019-08-17","2019-08-19","1");
INSERT INTO Borrow (Books_ISBN,Users_id_user,start_date,end_date,approved) VALUES ("3372028331411","243","2021-05-31","2021-06-03","1");
INSERT INTO Borrow (Books_ISBN,Users_id_user,start_date,end_date,approved) VALUES ("5574996396846","152","2016-09-01","2016-09-06","1");
INSERT INTO Borrow (Books_ISBN,Users_id_user,start_date,end_date,approved) VALUES ("6262745923324","326","2019-08-07","2019-08-08","1");
INSERT INTO Borrow (Books_ISBN,Users_id_user,start_date,end_date,approved) VALUES ("9053117093578","95","2019-08-23","2019-08-25","1");
INSERT INTO Borrow (Books_ISBN,Users_id_user,start_date,end_date,approved) VALUES ("3933117729381","42","2017-11-14","2017-11-16","1");
INSERT INTO Borrow (Books_ISBN,Users_id_user,start_date,end_date,approved) VALUES ("3197762946429","274","2020-06-19","2020-06-21","1");
INSERT INTO Borrow (Books_ISBN,Users_id_user,start_date,end_date,approved) VALUES ("1663256918858","158","2016-04-21","2016-04-25","1");
INSERT INTO Borrow (Books_ISBN,Users_id_user,start_date,end_date,approved) VALUES ("2412367612200","193","2023-03-27","2023-03-31","1");
INSERT INTO Borrow (Books_ISBN,Users_id_user,start_date,end_date,approved) VALUES ("3292471452856","65","2017-07-08","2017-07-09","1");
INSERT INTO Borrow (Books_ISBN,Users_id_user,start_date,end_date,approved) VALUES ("4851287169798","162","2016-12-25","2016-12-26","1");
INSERT INTO Borrow (Books_ISBN,Users_id_user,start_date,end_date,approved) VALUES ("6937076781189","125","2019-08-29","2019-09-01","1");
INSERT INTO Borrow (Books_ISBN,Users_id_user,start_date,end_date,approved) VALUES ("4318442056368","95","2022-01-30","2022-01-30","1");
INSERT INTO Borrow (Books_ISBN,Users_id_user,start_date,end_date,approved) VALUES ("5574996396846","191","2016-10-29","2016-10-31","1");
INSERT INTO Borrow (Books_ISBN,Users_id_user,start_date,end_date,approved) VALUES ("4350494471445","340","2015-10-30","2015-10-30","1");
INSERT INTO Borrow (Books_ISBN,Users_id_user,start_date,end_date,approved) VALUES ("6809733472810","68","2016-03-03","2016-03-05","1");
INSERT INTO Borrow (Books_ISBN,Users_id_user,start_date,end_date,approved) VALUES ("4483582130081","11","2018-11-17","2018-11-17","1");
INSERT INTO Borrow (Books_ISBN,Users_id_user,start_date,end_date,approved) VALUES ("1878178615269","40","2021-06-01","2021-06-06","1");
INSERT INTO Borrow (Books_ISBN,Users_id_user,start_date,end_date,approved) VALUES ("6177939335054","38","2016-11-19","2016-11-25","1");
INSERT INTO Borrow (Books_ISBN,Users_id_user,start_date,end_date,approved) VALUES ("4235357329612","216","2017-04-24","2017-04-30","1");
INSERT INTO Borrow (Books_ISBN,Users_id_user,start_date,end_date,approved) VALUES ("4580596726802","282","2022-06-18","2022-06-22","1");
INSERT INTO Borrow (Books_ISBN,Users_id_user,start_date,end_date,approved) VALUES ("1250025184628","73","2022-05-23","2022-05-26","1");
INSERT INTO Borrow (Books_ISBN,Users_id_user,start_date,end_date,approved) VALUES ("3933117729381","217","2015-12-23","2015-12-26","1");
INSERT INTO Borrow (Books_ISBN,Users_id_user,start_date,end_date,approved) VALUES ("4580596726802","327","2016-07-29","2016-08-04","1");
INSERT INTO Borrow (Books_ISBN,Users_id_user,start_date,end_date,approved) VALUES ("3814639823221","44","2016-06-27","2016-07-01","1");
INSERT INTO Borrow (Books_ISBN,Users_id_user,start_date,end_date,approved) VALUES ("3044320752545","228","2017-10-04","2017-10-08","1");
INSERT INTO Borrow (Books_ISBN,Users_id_user,start_date,end_date,approved) VALUES ("3932505315635","190","2021-03-28","2021-03-30","1");
INSERT INTO Borrow (Books_ISBN,Users_id_user,start_date,end_date,approved) VALUES ("3024469429739","271","2018-10-15","2018-10-20","1");
INSERT INTO Borrow (Books_ISBN,Users_id_user,start_date,end_date,approved) VALUES ("4598808979388","193","2022-02-14","2022-02-16","1");
INSERT INTO Borrow (Books_ISBN,Users_id_user,start_date,end_date,approved) VALUES ("8347308275915","5","2015-09-10","2015-09-11","1");
INSERT INTO Borrow (Books_ISBN,Users_id_user,start_date,end_date,approved) VALUES ("1250025184628","165","2019-09-11","2019-09-12","1");
INSERT INTO Borrow (Books_ISBN,Users_id_user,start_date,end_date,approved) VALUES ("1382601465276","105","2016-08-26","2016-08-31","1");
INSERT INTO Borrow (Books_ISBN,Users_id_user,start_date,end_date,approved) VALUES ("2122899237347","151","2018-01-13","2018-01-17","1");
INSERT INTO Borrow (Books_ISBN,Users_id_user,start_date,end_date,approved) VALUES ("6538610964180","47","2016-03-14","2016-03-17","1");
INSERT INTO Borrow (Books_ISBN,Users_id_user,start_date,end_date,approved) VALUES ("6704070358384","56","2018-06-01","2018-06-03","1");
INSERT INTO Borrow (Books_ISBN,Users_id_user,start_date,end_date,approved) VALUES ("8672316091800","58","2018-05-05","2018-05-05","1");
INSERT INTO Borrow (Books_ISBN,Users_id_user,start_date,end_date,approved) VALUES ("2913041662464","311","2017-11-24","2017-11-26","1");
INSERT INTO Borrow (Books_ISBN,Users_id_user,start_date,end_date,approved) VALUES ("6664280687822","79","2023-05-26","2023-05-28","1");
INSERT INTO Borrow (Books_ISBN,Users_id_user,start_date,end_date,approved) VALUES ("6177939335054","229","2019-10-31","2019-11-06","1");
INSERT INTO Borrow (Books_ISBN,Users_id_user,start_date,end_date,approved) VALUES ("3296628768301","95","2022-10-01","2022-10-07","1");
INSERT INTO Borrow (Books_ISBN,Users_id_user,start_date,end_date,approved) VALUES ("6317951063018","216","2016-02-17","2016-02-22","1");
INSERT INTO Borrow (Books_ISBN,Users_id_user,start_date,end_date,approved) VALUES ("4208248293567","90","2016-05-26","2016-06-01","1");
INSERT INTO Borrow (Books_ISBN,Users_id_user,start_date,end_date,approved) VALUES ("3044320752545","233","2021-10-07","2021-10-10","1");
INSERT INTO Borrow (Books_ISBN,Users_id_user,start_date,end_date,approved) VALUES ("3330539779172","268","2021-11-03","2021-11-05","1");
INSERT INTO Borrow (Books_ISBN,Users_id_user,start_date,end_date,approved) VALUES ("2213227462524","182","2017-06-04","2017-06-09","1");
INSERT INTO Borrow (Books_ISBN,Users_id_user,start_date,end_date,approved) VALUES ("4616537110670","324","2015-09-30","2015-10-06","1");
INSERT INTO Borrow (Books_ISBN,Users_id_user,start_date,end_date,approved) VALUES ("3024469429739","45","2020-11-04","2020-11-10","1");
INSERT INTO Borrow (Books_ISBN,Users_id_user,start_date,end_date,approved) VALUES ("9069825692450","105","2020-03-21","2020-03-22","1");
INSERT INTO Borrow (Books_ISBN,Users_id_user,start_date,end_date,approved) VALUES ("9275249202891","1","2017-02-25","2017-02-27","1");
INSERT INTO Borrow (Books_ISBN,Users_id_user,start_date,end_date,approved) VALUES ("7669407037500","230","2016-11-01","2016-11-03","1");
INSERT INTO Borrow (Books_ISBN,Users_id_user,start_date,end_date,approved) VALUES ("4821143508457","237","2021-01-15","2021-01-18","1");
INSERT INTO Borrow (Books_ISBN,Users_id_user,start_date,end_date,approved) VALUES ("1710475945045","112","2016-10-07","2016-10-12","1");
INSERT INTO Borrow (Books_ISBN,Users_id_user,start_date,end_date,approved) VALUES ("4580596726802","59","2020-05-06","2020-05-11","1");
INSERT INTO Borrow (Books_ISBN,Users_id_user,start_date,end_date,approved) VALUES ("6317951063018","323","2019-08-10","2019-08-10","1");
INSERT INTO Borrow (Books_ISBN,Users_id_user,start_date,end_date,approved) VALUES ("3786043072352","280","2020-02-11","2020-02-16","1");
INSERT INTO Borrow (Books_ISBN,Users_id_user,start_date,end_date,approved) VALUES ("7769131122181","80","2019-12-10","2019-12-12","1");
INSERT INTO Borrow (Books_ISBN,Users_id_user,start_date,end_date,approved) VALUES ("4494596985436","242","2019-12-11","2019-12-11","1");
INSERT INTO Borrow (Books_ISBN,Users_id_user,start_date,end_date,approved) VALUES ("9611120951947","348","2017-09-04","2017-09-08","1");
INSERT INTO Borrow (Books_ISBN,Users_id_user,start_date,end_date,approved) VALUES ("6122122701687","119","2023-05-01","2023-05-01","1");
INSERT INTO Borrow (Books_ISBN,Users_id_user,start_date,end_date,approved) VALUES ("6416161019759","208","2019-08-21","2019-08-24","1");
INSERT INTO Borrow (Books_ISBN,Users_id_user,start_date,end_date,approved) VALUES ("2074516283493","324","2017-02-03","2017-02-06","1");
INSERT INTO Borrow (Books_ISBN,Users_id_user,start_date,end_date,approved) VALUES ("3450298972278","62","2019-04-10","2019-04-13","1");
INSERT INTO Borrow (Books_ISBN,Users_id_user,start_date,end_date,approved) VALUES ("6298473200792","343","2020-04-06","2020-04-07","1");
INSERT INTO Borrow (Books_ISBN,Users_id_user,start_date,end_date,approved) VALUES ("2300214726907","1","2021-08-14","2021-08-15","1");
INSERT INTO Borrow (Books_ISBN,Users_id_user,start_date,end_date,approved) VALUES ("9427257960442","204","2022-08-08","2022-08-11","1");
INSERT INTO Borrow (Books_ISBN,Users_id_user,start_date,end_date,approved) VALUES ("5741820860103","298","2017-10-28","2017-11-03","1");
INSERT INTO Borrow (Books_ISBN,Users_id_user,start_date,end_date,approved) VALUES ("2164105426935","203","2018-05-10","2018-05-10","1");
INSERT INTO Borrow (Books_ISBN,Users_id_user,start_date,end_date,approved) VALUES ("3039217579284","53","2020-12-10","2020-12-16","1");
INSERT INTO Borrow (Books_ISBN,Users_id_user,start_date,end_date,approved) VALUES ("8502221090747","130","2022-08-09","2022-08-11","1");
INSERT INTO Borrow (Books_ISBN,Users_id_user,start_date,end_date,approved) VALUES ("3814639823221","146","2016-03-22","2016-03-23","1");
INSERT INTO Borrow (Books_ISBN,Users_id_user,start_date,end_date,approved) VALUES ("8351260072134","345","2019-01-11","2019-01-16","1");
INSERT INTO Borrow (Books_ISBN,Users_id_user,start_date,end_date,approved) VALUES ("4349409104130","305","2017-03-19","2017-03-25","1");
INSERT INTO Borrow (Books_ISBN,Users_id_user,start_date,end_date,approved) VALUES ("3508121487314","19","2023-03-16","2023-03-17","1");
INSERT INTO Borrow (Books_ISBN,Users_id_user,start_date,end_date,approved) VALUES ("6862061717290","135","2017-05-28","2017-06-03","1");
INSERT INTO Borrow (Books_ISBN,Users_id_user,start_date,end_date,approved) VALUES ("3851194388241","274","2020-10-15","2020-10-17","1");
INSERT INTO Borrow (Books_ISBN,Users_id_user,start_date,end_date,approved) VALUES ("3330539779172","61","2019-03-17","2019-03-20","1");
INSERT INTO Borrow (Books_ISBN,Users_id_user,start_date,end_date,approved) VALUES ("3629223760839","128","2021-02-23","2021-02-24","1");
INSERT INTO Borrow (Books_ISBN,Users_id_user,start_date,end_date,approved) VALUES ("1359909924897","84","2021-09-17","2021-09-18","1");
INSERT INTO Borrow (Books_ISBN,Users_id_user,start_date,end_date,approved) VALUES ("2640737815720","213","2021-07-06","2021-07-12","1");
INSERT INTO Borrow (Books_ISBN,Users_id_user,start_date,end_date,approved) VALUES ("5574996396846","145","2018-11-17","2018-11-20","1");
INSERT INTO Borrow (Books_ISBN,Users_id_user,start_date,end_date,approved) VALUES ("1629730416114","69","2023-05-30","2023-05-31","1");
INSERT INTO Borrow (Books_ISBN,Users_id_user,start_date,end_date,approved) VALUES ("3042167126552","268","2021-08-25","2021-08-27","1");
INSERT INTO Borrow (Books_ISBN,Users_id_user,start_date,end_date,approved) VALUES ("4871347505250","108","2016-03-31","2016-04-02","1");
INSERT INTO Borrow (Books_ISBN,Users_id_user,start_date,end_date,approved) VALUES ("7349205189047","54","2016-04-19","2016-04-21","1");
INSERT INTO Borrow (Books_ISBN,Users_id_user,start_date,end_date,approved) VALUES ("1057192545323","325","2018-06-15","2018-06-17","1");
INSERT INTO Borrow (Books_ISBN,Users_id_user,start_date,end_date,approved) VALUES ("6416161019759","207","2019-03-15","2019-03-20","1");
INSERT INTO Borrow (Books_ISBN,Users_id_user,start_date,end_date,approved) VALUES ("2595897630345","143","2021-02-11","2021-02-12","1");
INSERT INTO Borrow (Books_ISBN,Users_id_user,start_date,end_date,approved) VALUES ("5574996396846","227","2016-11-18","2016-11-20","1");
INSERT INTO Borrow (Books_ISBN,Users_id_user,start_date,end_date,approved) VALUES ("2122899237347","291","2017-01-14","2017-01-16","1");
INSERT INTO Borrow (Books_ISBN,Users_id_user,start_date,end_date,approved) VALUES ("4871347505250","71","2022-03-21","2022-03-21","1");
INSERT INTO Borrow (Books_ISBN,Users_id_user,start_date,end_date,approved) VALUES ("2412367612200","64","2021-10-30","2021-11-01","1");
INSERT INTO Borrow (Books_ISBN,Users_id_user,start_date,end_date,approved) VALUES ("7669407037500","62","2016-10-01","2016-10-01","1");
INSERT INTO Borrow (Books_ISBN,Users_id_user,start_date,end_date,approved) VALUES ("1003244782399","206","2023-02-14","2023-02-20","1");
INSERT INTO Borrow (Books_ISBN,Users_id_user,start_date,end_date,approved) VALUES ("3933117729381","240","2019-12-15","2019-12-19","1");
INSERT INTO Borrow (Books_ISBN,Users_id_user,start_date,end_date,approved) VALUES ("5576960500855","287","2020-05-19","2020-05-24","1");
INSERT INTO Borrow (Books_ISBN,Users_id_user,start_date,end_date,approved) VALUES ("2843190946164","154","2023-02-19","2023-02-22","1");
INSERT INTO Borrow (Books_ISBN,Users_id_user,start_date,end_date,approved) VALUES ("3814639823221","324","2017-08-27","2017-08-29","1");
INSERT INTO Borrow (Books_ISBN,Users_id_user,start_date,end_date,approved) VALUES ("7455106076120","213","2021-08-26","2021-09-01","1");
INSERT INTO Borrow (Books_ISBN,Users_id_user,start_date,end_date,approved) VALUES ("8496146163421","245","2016-07-14","2016-07-19","1");
INSERT INTO Borrow (Books_ISBN,Users_id_user,start_date,end_date,approved) VALUES ("4137636512616","257","2017-01-15","2017-01-21","1");
INSERT INTO Borrow (Books_ISBN,Users_id_user,start_date,end_date,approved) VALUES ("7834826922727","253","2015-10-16","2015-10-17","1");
INSERT INTO Borrow (Books_ISBN,Users_id_user,start_date,end_date,approved) VALUES ("9745064130457","31","2016-02-18","2016-02-20","1");
INSERT INTO Borrow (Books_ISBN,Users_id_user,start_date,end_date,approved) VALUES ("3039217579284","154","2016-04-23","2016-04-28","1");
INSERT INTO Borrow (Books_ISBN,Users_id_user,start_date,end_date,approved) VALUES ("2213227462524","254","2017-07-13","2017-07-15","1");
INSERT INTO Borrow (Books_ISBN,Users_id_user,start_date,end_date,approved) VALUES ("6563847402146","319","2017-07-23","2017-07-28","1");
INSERT INTO Borrow (Books_ISBN,Users_id_user,start_date,end_date,approved) VALUES ("8496146163421","14","2021-01-02","2021-01-08","1");
INSERT INTO Borrow (Books_ISBN,Users_id_user,start_date,end_date,approved) VALUES ("3814639823221","242","2016-05-23","2016-05-23","1");
INSERT INTO Borrow (Books_ISBN,Users_id_user,start_date,end_date,approved) VALUES ("1878178615269","6","2019-10-07","2019-10-08","1");
INSERT INTO Borrow (Books_ISBN,Users_id_user,start_date,end_date,approved) VALUES ("5741820860103","35","2015-10-15","2015-10-21","1");
INSERT INTO Borrow (Books_ISBN,Users_id_user,start_date,end_date,approved) VALUES ("6600203596803","42","2019-04-24","2019-04-29","1");
INSERT INTO Borrow (Books_ISBN,Users_id_user,start_date,end_date,approved) VALUES ("6600203596803","343","2019-09-20","2019-09-22","1");
INSERT INTO Borrow (Books_ISBN,Users_id_user,start_date,end_date,approved) VALUES ("8304933698781","4","2021-11-22","2021-11-28","1");
INSERT INTO Borrow (Books_ISBN,Users_id_user,start_date,end_date,approved) VALUES ("8884002597743","22","2017-04-16","2017-04-22","1");
INSERT INTO Borrow (Books_ISBN,Users_id_user,start_date,end_date,approved) VALUES ("6061995270775","318","2020-08-12","2020-08-13","1");
INSERT INTO Borrow (Books_ISBN,Users_id_user,start_date,end_date,approved) VALUES ("7776790190029","139","2019-11-22","2019-11-28","1");
INSERT INTO Borrow (Books_ISBN,Users_id_user,start_date,end_date,approved) VALUES ("3024469429739","150","2023-01-21","2023-01-27","1");
INSERT INTO Borrow (Books_ISBN,Users_id_user,start_date,end_date,approved) VALUES ("7532510387839","117","2016-01-20","2016-01-24","1");
INSERT INTO Borrow (Books_ISBN,Users_id_user,start_date,end_date,approved) VALUES ("2213227462524","294","2017-06-17","2017-06-20","1");
INSERT INTO Borrow (Books_ISBN,Users_id_user,start_date,end_date,approved) VALUES ("7884782045825","98","2018-08-28","2018-08-31","1");
INSERT INTO Borrow (Books_ISBN,Users_id_user,start_date,end_date,approved) VALUES ("3197762946429","223","2017-10-16","2017-10-19","1");
INSERT INTO Borrow (Books_ISBN,Users_id_user,start_date,end_date,approved) VALUES ("1743109118338","170","2018-08-03","2018-08-04","1");
INSERT INTO Borrow (Books_ISBN,Users_id_user,start_date,end_date,approved) VALUES ("1686696014944","87","2018-06-29","2018-07-02","1");
INSERT INTO Borrow (Books_ISBN,Users_id_user,start_date,end_date,approved) VALUES ("2390459474331","216","2019-05-06","2019-05-11","1");
INSERT INTO Borrow (Books_ISBN,Users_id_user,start_date,end_date,approved) VALUES ("4550550339925","223","2023-01-01","2023-01-03","1");
INSERT INTO Borrow (Books_ISBN,Users_id_user,start_date,end_date,approved) VALUES ("3292471452856","230","2019-04-09","2019-04-11","1");
INSERT INTO Borrow (Books_ISBN,Users_id_user,start_date,end_date,approved) VALUES ("2164105426935","76","2022-07-06","2022-07-09","1");
INSERT INTO Borrow (Books_ISBN,Users_id_user,start_date,end_date,approved) VALUES ("5741820860103","162","2022-09-23","2022-09-28","1");
INSERT INTO Borrow (Books_ISBN,Users_id_user,start_date,end_date,approved) VALUES ("4235357329612","107","2020-10-19","2020-10-19","1");
INSERT INTO Borrow (Books_ISBN,Users_id_user,start_date,end_date,approved) VALUES ("6704070358384","228","2018-07-10","2018-07-12","1");
INSERT INTO Borrow (Books_ISBN,Users_id_user,start_date,end_date,approved) VALUES ("2420134513541","200","2016-02-24","2016-02-29","1");
INSERT INTO Borrow (Books_ISBN,Users_id_user,start_date,end_date,approved) VALUES ("6320921827053","252","2020-03-29","2020-04-04","1");
INSERT INTO Borrow (Books_ISBN,Users_id_user,start_date,end_date,approved) VALUES ("6735905556559","113","2022-05-19","2022-05-19","1");
INSERT INTO Borrow (Books_ISBN,Users_id_user,start_date,end_date,approved) VALUES ("4349409104130","225","2016-02-28","2016-03-05","1");
INSERT INTO Borrow (Books_ISBN,Users_id_user,start_date,end_date,approved) VALUES ("5770555420850","301","2018-02-08","2018-02-09","1");
INSERT INTO Borrow (Books_ISBN,Users_id_user,start_date,end_date,approved) VALUES ("2164105426935","26","2023-02-15","2023-02-21","1");
INSERT INTO Borrow (Books_ISBN,Users_id_user,start_date,end_date,approved) VALUES ("6735905556559","18","2018-10-06","2018-10-08","1");
INSERT INTO Borrow (Books_ISBN,Users_id_user,start_date,end_date,approved) VALUES ("3186253015528","325","2019-11-22","2019-11-28","1");
INSERT INTO Borrow (Books_ISBN,Users_id_user,start_date,end_date,approved) VALUES ("3508121487314","96","2022-05-05","2022-05-11","1");
INSERT INTO Borrow (Books_ISBN,Users_id_user,start_date,end_date,approved) VALUES ("1555830643117","30","2015-12-21","2015-12-25","1");
INSERT INTO Borrow (Books_ISBN,Users_id_user,start_date,end_date,approved) VALUES ("2344284101340","327","2015-10-16","2015-10-20","1");
INSERT INTO Borrow (Books_ISBN,Users_id_user,start_date,end_date,approved) VALUES ("8446098598856","89","2020-04-08","2020-04-13","1");
INSERT INTO Borrow (Books_ISBN,Users_id_user,start_date,end_date,approved) VALUES ("3186253015528","313","2020-06-09","2020-06-10","1");
INSERT INTO Borrow (Books_ISBN,Users_id_user,start_date,end_date,approved) VALUES ("4580596726802","314","2015-12-04","2015-12-04","1");
INSERT INTO Borrow (Books_ISBN,Users_id_user,start_date,end_date,approved) VALUES ("2603946816068","263","2022-12-17","2022-12-18","1");
INSERT INTO Borrow (Books_ISBN,Users_id_user,start_date,end_date,approved) VALUES ("6094716426570","146","2023-05-04","2023-05-08","1");
INSERT INTO Borrow (Books_ISBN,Users_id_user,start_date,end_date,approved) VALUES ("6850838351963","181","2022-02-21","2022-02-27","1");
INSERT INTO Borrow (Books_ISBN,Users_id_user,start_date,end_date,approved) VALUES ("1057192545323","235","2016-07-16","2016-07-22","1");
INSERT INTO Borrow (Books_ISBN,Users_id_user,start_date,end_date,approved) VALUES ("6563847402146","324","2020-11-30","2020-11-30","1");
INSERT INTO Borrow (Books_ISBN,Users_id_user,start_date,end_date,approved) VALUES ("7669407037500","265","2016-03-11","2016-03-12","1");
INSERT INTO Borrow (Books_ISBN,Users_id_user,start_date,end_date,approved) VALUES ("7362470200301","333","2019-05-13","2019-05-15","1");
INSERT INTO Borrow (Books_ISBN,Users_id_user,start_date,end_date,approved) VALUES ("6321768833510","221","2016-04-12","2016-04-16","1");
INSERT INTO Borrow (Books_ISBN,Users_id_user,start_date,end_date,approved) VALUES ("1663256918858","233","2019-02-05","2019-02-05","1");
INSERT INTO Borrow (Books_ISBN,Users_id_user,start_date,end_date,approved) VALUES ("4137636512616","131","2017-05-31","2017-06-02","1");
INSERT INTO Borrow (Books_ISBN,Users_id_user,start_date,end_date,approved) VALUES ("9275573288560","244","2021-12-16","2021-12-18","1");
INSERT INTO Borrow (Books_ISBN,Users_id_user,start_date,end_date,approved) VALUES ("8496146163421","173","2018-09-24","2018-09-24","1");
INSERT INTO Borrow (Books_ISBN,Users_id_user,start_date,end_date,approved) VALUES ("2263668839545","22","2021-12-12","2021-12-12","1");
INSERT INTO Borrow (Books_ISBN,Users_id_user,start_date,end_date,approved) VALUES ("6809733472810","27","2022-03-22","2022-03-23","1");
INSERT INTO Borrow (Books_ISBN,Users_id_user,start_date,end_date,approved) VALUES ("5143834392101","180","2015-12-06","2015-12-06","1");
INSERT INTO Borrow (Books_ISBN,Users_id_user,start_date,end_date,approved) VALUES ("7776790190029","149","2018-02-06","2018-02-06","1");
INSERT INTO Borrow (Books_ISBN,Users_id_user,start_date,end_date,approved) VALUES ("5511424858515","4","2022-11-11","2022-11-12","1");
INSERT INTO Borrow (Books_ISBN,Users_id_user,start_date,end_date,approved) VALUES ("5576960500855","33","2020-07-21","2020-07-23","1");
INSERT INTO Borrow (Books_ISBN,Users_id_user,start_date,end_date,approved) VALUES ("6320921827053","349","2017-04-12","2017-04-18","1");
INSERT INTO Borrow (Books_ISBN,Users_id_user,start_date,end_date,approved) VALUES ("2094426013251","312","2016-07-10","2016-07-13","1");
INSERT INTO Borrow (Books_ISBN,Users_id_user,start_date,end_date,approved) VALUES ("8304933698781","286","2019-03-01","2019-03-06","1");
INSERT INTO Borrow (Books_ISBN,Users_id_user,start_date,end_date,approved) VALUES ("2094426013251","233","2018-10-10","2018-10-14","1");
INSERT INTO Borrow (Books_ISBN,Users_id_user,start_date,end_date,approved) VALUES ("6899696559623","174","2021-08-05","2021-08-10","1");
INSERT INTO Borrow (Books_ISBN,Users_id_user,start_date,end_date,approved) VALUES ("7769131122181","53","2015-10-17","2015-10-22","1");
INSERT INTO Borrow (Books_ISBN,Users_id_user,start_date,end_date,approved) VALUES ("7769131122181","44","2020-03-08","2020-03-11","1");
INSERT INTO Borrow (Books_ISBN,Users_id_user,start_date,end_date,approved) VALUES ("7834826922727","166","2018-03-31","2018-03-31","1");
INSERT INTO Borrow (Books_ISBN,Users_id_user,start_date,end_date,approved) VALUES ("3282983356303","234","2017-10-21","2017-10-21","1");
INSERT INTO Borrow (Books_ISBN,Users_id_user,start_date,end_date,approved) VALUES ("9053117093578","131","2019-09-06","2019-09-08","1");
INSERT INTO Borrow (Books_ISBN,Users_id_user,start_date,end_date,approved) VALUES ("2669693465209","268","2017-07-15","2017-07-19","1");
INSERT INTO Borrow (Books_ISBN,Users_id_user,start_date,end_date,approved) VALUES ("6809733472810","98","2022-10-07","2022-10-12","1");
INSERT INTO Borrow (Books_ISBN,Users_id_user,start_date,end_date,approved) VALUES ("3912188743919","42","2021-02-06","2021-02-09","1");
INSERT INTO Borrow (Books_ISBN,Users_id_user,start_date,end_date,approved) VALUES ("7542182062612","269","2015-12-26","2015-12-29","1");
INSERT INTO Borrow (Books_ISBN,Users_id_user,start_date,end_date,approved) VALUES ("6457682027631","97","2021-08-18","2021-08-20","1");
INSERT INTO Borrow (Books_ISBN,Users_id_user,start_date,end_date,approved) VALUES ("1284511671597","129","2017-05-31","2017-06-01","1");
INSERT INTO Borrow (Books_ISBN,Users_id_user,start_date,end_date,approved) VALUES ("9585566563929","155","2018-02-10","2018-02-14","1");
INSERT INTO Borrow (Books_ISBN,Users_id_user,start_date,end_date,approved) VALUES ("3062660996015","265","2017-03-09","2017-03-10","1");
INSERT INTO Borrow (Books_ISBN,Users_id_user,start_date,end_date,approved) VALUES ("1686696014944","131","2017-04-24","2017-04-28","1");
INSERT INTO Borrow (Books_ISBN,Users_id_user,start_date,end_date,approved) VALUES ("9069825692450","177","2017-04-18","2017-04-21","1");
INSERT INTO Borrow (Books_ISBN,Users_id_user,start_date,end_date,approved) VALUES ("3294479293071","123","2018-09-04","2018-09-06","1");
INSERT INTO Borrow (Books_ISBN,Users_id_user,start_date,end_date,approved) VALUES ("6809733472810","157","2017-12-20","2017-12-20","1");
INSERT INTO Borrow (Books_ISBN,Users_id_user,start_date,end_date,approved) VALUES ("6262745923324","38","2020-07-23","2020-07-24","1");
INSERT INTO Borrow (Books_ISBN,Users_id_user,start_date,end_date,approved) VALUES ("9549180827234","236","2017-12-28","2017-12-29","1");
INSERT INTO Borrow (Books_ISBN,Users_id_user,start_date,end_date,approved) VALUES ("7606552384889","225","2018-11-04","2018-11-06","1");
INSERT INTO Borrow (Books_ISBN,Users_id_user,start_date,end_date,approved) VALUES ("7223840120308","212","2019-02-02","2019-02-06","1");
INSERT INTO Borrow (Books_ISBN,Users_id_user,start_date,end_date,approved) VALUES ("7606552384889","236","2018-07-03","2018-07-05","1");
INSERT INTO Borrow (Books_ISBN,Users_id_user,start_date,end_date,approved) VALUES ("1382601465276","61","2019-12-17","2019-12-19","1");
INSERT INTO Borrow (Books_ISBN,Users_id_user,start_date,end_date,approved) VALUES ("3508121487314","42","2016-10-02","2016-10-07","1");
INSERT INTO Borrow (Books_ISBN,Users_id_user,start_date,end_date,approved) VALUES ("3107007674143","51","2018-11-14","2018-11-17","1");
INSERT INTO Borrow (Books_ISBN,Users_id_user,start_date,end_date,approved) VALUES ("1359909924897","79","2022-10-28","2022-10-31","1");
INSERT INTO Borrow (Books_ISBN,Users_id_user,start_date,end_date,approved) VALUES ("1057192545323","110","2015-12-25","2015-12-26","1");
INSERT INTO Borrow (Books_ISBN,Users_id_user,start_date,end_date,approved) VALUES ("1382601465276","314","2020-04-22","2020-04-24","1");
INSERT INTO Borrow (Books_ISBN,Users_id_user,start_date,end_date,approved) VALUES ("2107545240552","219","2022-08-05","2022-08-06","1");
INSERT INTO Borrow (Books_ISBN,Users_id_user,start_date,end_date,approved) VALUES ("9464988227605","202","2019-02-02","2019-02-06","1");
INSERT INTO Borrow (Books_ISBN,Users_id_user,start_date,end_date,approved) VALUES ("2300214726907","93","2019-10-29","2019-11-01","1");
INSERT INTO Borrow (Books_ISBN,Users_id_user,start_date,end_date,approved) VALUES ("3044320752545","251","2019-06-29","2019-07-01","1");
INSERT INTO Borrow (Books_ISBN,Users_id_user,start_date,end_date,approved) VALUES ("2094426013251","66","2022-01-21","2022-01-21","1");
INSERT INTO Borrow (Books_ISBN,Users_id_user,start_date,end_date,approved) VALUES ("2074516283493","181","2020-07-01","2020-07-03","1");
INSERT INTO Borrow (Books_ISBN,Users_id_user,start_date,end_date,approved) VALUES ("7834826922727","223","2016-08-16","2016-08-16","1");
INSERT INTO Borrow (Books_ISBN,Users_id_user,start_date,end_date,approved) VALUES ("6852096697962","286","2021-01-16","2021-01-22","1");
INSERT INTO Borrow (Books_ISBN,Users_id_user,start_date,end_date,approved) VALUES ("7884782045825","313","2015-12-09","2015-12-14","1");
INSERT INTO Borrow (Books_ISBN,Users_id_user,start_date,end_date,approved) VALUES ("3019894802621","104","2019-10-22","2019-10-28","1");
INSERT INTO Borrow (Books_ISBN,Users_id_user,start_date,end_date,approved) VALUES ("3294479293071","152","2018-03-09","2018-03-11","1");
INSERT INTO Borrow (Books_ISBN,Users_id_user,start_date,end_date,approved) VALUES ("5612193079777","227","2019-10-03","2019-10-04","1");
INSERT INTO Borrow (Books_ISBN,Users_id_user,start_date,end_date,approved) VALUES ("7463022218829","310","2018-07-24","2018-07-30","1");
INSERT INTO Borrow (Books_ISBN,Users_id_user,start_date,end_date,approved) VALUES ("4616537110670","275","2017-02-10","2017-02-14","1");
INSERT INTO Borrow (Books_ISBN,Users_id_user,start_date,end_date,approved) VALUES ("4377696374851","134","2016-10-06","2016-10-19","1");
INSERT INTO Borrow (Books_ISBN,Users_id_user,start_date,end_date,approved) VALUES ("6298473200792","119","2022-04-16","2022-04-28","1");
INSERT INTO Borrow (Books_ISBN,Users_id_user,start_date,end_date,approved) VALUES ("4843601077779","61","2017-06-13","2017-06-26","1");
INSERT INTO Borrow (Books_ISBN,Users_id_user,start_date,end_date,approved) VALUES ("6100355284390","51","2016-02-27","2016-03-12","1");
INSERT INTO Borrow (Books_ISBN,Users_id_user,start_date,end_date,approved) VALUES ("5842917913714","213","2016-06-23","2016-07-04","1");
INSERT INTO Borrow (Books_ISBN,Users_id_user,start_date,end_date,approved) VALUES ("3044320752545","112","2016-07-30","2016-08-08","1");
INSERT INTO Borrow (Books_ISBN,Users_id_user,start_date,end_date,approved) VALUES ("9218435539566","338","2021-03-18","2021-03-29","1");
INSERT INTO Borrow (Books_ISBN,Users_id_user,start_date,end_date,approved) VALUES ("1710475945045","275","2020-07-31","2020-08-08","1");
INSERT INTO Borrow (Books_ISBN,Users_id_user,start_date,end_date,approved) VALUES ("7463022218829","220","2022-02-22","2022-03-05","1");
INSERT INTO Borrow (Books_ISBN,Users_id_user,start_date,end_date,approved) VALUES ("7223840120308","63","2017-05-01","2017-05-09","1");

INSERT INTO Borrow (Books_ISBN, Users_id_user, start_date, end_date, approved) VALUES ("3786043072352", "208", '2023-06-10', NULL, "1");
INSERT INTO Borrow (Books_ISBN, Users_id_user, start_date, end_date, approved) VALUES ("1686696014944", "19", '2023-06-11', NULL, "1");
INSERT INTO Borrow (Books_ISBN, Users_id_user, start_date, end_date, approved) VALUES ("8788824449030", "88", '2023-06-12', NULL, "1");
INSERT INTO Borrow (Books_ISBN, Users_id_user, start_date, end_date, approved) VALUES ("1488346389335", "69", '2023-06-10', NULL, "1");
INSERT INTO Borrow (Books_ISBN, Users_id_user, start_date, end_date, approved) VALUES ("3107007674143", "157", '2023-06-11', NULL, "1");
INSERT INTO Borrow (Books_ISBN, Users_id_user, start_date, end_date, approved) VALUES ("7532510387839", "112", '2023-06-12', NULL, "1");
INSERT INTO Borrow (Books_ISBN, Users_id_user, start_date, end_date, approved) VALUES ("4598808979388", "193", '2023-06-10', NULL, "1");
INSERT INTO Borrow (Books_ISBN, Users_id_user, start_date, end_date, approved) VALUES ("9069825692450", "1", '2023-06-11', NULL, "1");
INSERT INTO Borrow (Books_ISBN, Users_id_user, start_date, end_date, approved) VALUES ("2213227462524", "52", '2023-06-12', NULL, "1");
INSERT INTO Borrow (Books_ISBN, Users_id_user, start_date, end_date, approved) VALUES ("4890166068174", "142", '2023-06-10', NULL, "1");
INSERT INTO Borrow (Books_ISBN, Users_id_user, start_date, end_date, approved) VALUES ("9585566563929", "98", '2023-06-11', NULL, "1");
INSERT INTO Borrow (Books_ISBN, Users_id_user, start_date, end_date, approved) VALUES ("3814639823221", "311", '2023-06-12', NULL, "1");
INSERT INTO Borrow (Books_ISBN, Users_id_user, start_date, end_date, approved) VALUES ("2736498861273", "214", '2023-06-10', NULL, "1");
INSERT INTO Borrow (Books_ISBN, Users_id_user, start_date, end_date, approved) VALUES ("5568475094527", "298", '2023-06-11', NULL, "1");
INSERT INTO Borrow (Books_ISBN, Users_id_user, start_date, end_date, approved) VALUES ("1743109118338", "35", '2023-06-12', NULL, "1");
INSERT INTO Borrow (Books_ISBN, Users_id_user, start_date, end_date, approved) VALUES ("6121968691639", "342", '2023-06-10', NULL, "1");
INSERT INTO Borrow (Books_ISBN, Users_id_user, start_date, end_date, approved) VALUES ("5612193079777", "68", '2023-06-11', NULL, "1");
INSERT INTO Borrow (Books_ISBN, Users_id_user, start_date, end_date, approved) VALUES ("3450298972278", "27", '2023-06-12', NULL, "1");
INSERT INTO Borrow (Books_ISBN, Users_id_user, start_date, end_date, approved) VALUES ("4483582130081", "217", '2023-06-10', NULL, "1");
INSERT INTO Borrow (Books_ISBN, Users_id_user, start_date, end_date, approved) VALUES ("4235357329612", "321", '2023-06-11', NULL, "1");
INSERT INTO Borrow (Books_ISBN, Users_id_user, start_date, end_date, approved) VALUES ("3698317209475", "55", '2023-06-12', NULL, "1");
INSERT INTO Borrow (Books_ISBN, Users_id_user, start_date, end_date, approved) VALUES ("6177939335054", "281", '2023-06-10', NULL, "1");
INSERT INTO Borrow (Books_ISBN, Users_id_user, start_date, end_date, approved) VALUES ("9745064130457", "179", '2023-06-11', NULL, "1");
INSERT INTO Borrow (Books_ISBN, Users_id_user, start_date, end_date, approved) VALUES ("6899696559623", "198", '2023-06-12', NULL, "1");
INSERT INTO Borrow (Books_ISBN, Users_id_user, start_date, end_date, approved) VALUES ("9680410744593", "259", '2023-06-10', NULL, "1");
INSERT INTO Borrow (Books_ISBN, Users_id_user, start_date, end_date, approved) VALUES ("4575733290689", "32", '2023-06-11', NULL, "1");
INSERT INTO Borrow (Books_ISBN, Users_id_user, start_date, end_date, approved) VALUES ("2722315605532", "241", '2023-06-12', NULL, "1");
INSERT INTO Borrow (Books_ISBN, Users_id_user, start_date, end_date, approved) VALUES ("6100355284390", "321", '2023-06-10', NULL, "1");
INSERT INTO Borrow (Books_ISBN, Users_id_user, start_date, end_date, approved) VALUES ("9478064134359", "333", '2023-06-11', NULL, "1");
INSERT INTO Borrow (Books_ISBN, Users_id_user, start_date, end_date, approved) VALUES ("6576520688037", "315", '2023-06-12', NULL, "1");
INSERT INTO Borrow (Books_ISBN, Users_id_user, start_date, end_date, approved) VALUES ("3294479293071", "320", '2023-06-10', NULL, "1");
INSERT INTO Borrow (Books_ISBN, Users_id_user, start_date, end_date, approved) VALUES ("9275249202891", "67", '2023-06-11', NULL, "1");
INSERT INTO Borrow (Books_ISBN, Users_id_user, start_date, end_date, approved) VALUES ("6735905556559", "66", '2023-06-12', NULL, "1");
INSERT INTO Borrow (Books_ISBN, Users_id_user, start_date, end_date, approved) VALUES ("2344284101340", "350", '2023-06-10', NULL, "1");
INSERT INTO Borrow (Books_ISBN, Users_id_user, start_date, end_date, approved) VALUES ("6576520688037", "349", '2023-06-11', NULL, "1");
INSERT INTO Borrow (Books_ISBN, Users_id_user, start_date, end_date, approved) VALUES ("3029856447110", "201", '2023-06-12', NULL, "1");
INSERT INTO Borrow (Books_ISBN, Users_id_user, start_date, end_date, approved) VALUES ("1878178615269", "20", '2023-06-10', NULL, "1");
INSERT INTO Borrow (Books_ISBN, Users_id_user, start_date, end_date, approved) VALUES ("2122899237347", "99", '2023-06-11', NULL, "1");
INSERT INTO Borrow (Books_ISBN, Users_id_user, start_date, end_date, approved) VALUES ("3718163957757", "182", '2023-06-12', NULL, "1");
INSERT INTO Borrow (Books_ISBN, Users_id_user, start_date, end_date, approved) VALUES ("3932505315635", "35", '2023-06-10', NULL, "1");

INSERT INTO Borrow (Books_ISBN, Users_id_user, start_date, end_date, approved) VALUES ("3932505315635", "312", '2022-02-10', '2022-02-15', "1");
INSERT INTO Borrow (Books_ISBN, Users_id_user, start_date, end_date, approved) VALUES ("2531752319740", "312", '2022-01-10', '2022-01-15', "1");

INSERT INTO Borrow (Books_ISBN,Users_id_user,start_date,end_date,approved) VALUES ("2094426013251", 14, "2023-06-01", NULL, "1");
INSERT INTO Borrow (Books_ISBN,Users_id_user,start_date,end_date,approved) VALUES ("2074516283493", 308, "2023-06-02", NULL, "1");
INSERT INTO Borrow (Books_ISBN,Users_id_user,start_date,end_date,approved) VALUES ("7834826922727", 218, "2023-06-03", NULL, "1");
INSERT INTO Borrow (Books_ISBN,Users_id_user,start_date,end_date,approved) VALUES ("6852096697962", 257, "2023-06-04", NULL, "1");
INSERT INTO Borrow (Books_ISBN,Users_id_user,start_date,end_date,approved) VALUES ("7884782045825", 28, "2023-06-01", NULL, "1");
INSERT INTO Borrow (Books_ISBN,Users_id_user,start_date,end_date,approved) VALUES ("3019894802621", 198, "2023-06-02", NULL, "1");
INSERT INTO Borrow (Books_ISBN,Users_id_user,start_date,end_date,approved) VALUES ("3294479293071", 337, "2023-06-03", NULL, "1");
INSERT INTO Borrow (Books_ISBN,Users_id_user,start_date,end_date,approved) VALUES ("5612193079777", 178, "2023-06-04", NULL, "1");
INSERT INTO Borrow (Books_ISBN,Users_id_user,start_date,end_date,approved) VALUES ("7463022218829", 43, "2023-06-01", NULL, "1");
INSERT INTO Borrow (Books_ISBN,Users_id_user,start_date,end_date,approved) VALUES ("4616537110670", 212, "2023-06-02", NULL, "1");
INSERT INTO Borrow (Books_ISBN,Users_id_user,start_date,end_date,approved) VALUES ("4377696374851", 160, "2023-06-03", NULL, "1");
INSERT INTO Borrow (Books_ISBN,Users_id_user,start_date,end_date,approved) VALUES ("6298473200792", 111, "2023-06-04", NULL, "1");
INSERT INTO Borrow (Books_ISBN,Users_id_user,start_date,end_date,approved) VALUES ("4843601077779", 282, "2023-06-01", NULL, "1");
INSERT INTO Borrow (Books_ISBN,Users_id_user,start_date,end_date,approved) VALUES ("6100355284390", 95, "2023-06-02", NULL, "1");
INSERT INTO Borrow (Books_ISBN,Users_id_user,start_date,end_date,approved) VALUES ("5842917913714", 166, "2023-06-03", NULL, "1");
INSERT INTO Borrow (Books_ISBN,Users_id_user,start_date,end_date,approved) VALUES ("3044320752545", 53, "2023-06-04", NULL, "1");
INSERT INTO Borrow (Books_ISBN,Users_id_user,start_date,end_date,approved) VALUES ("9218435539566", 334, "2023-06-01", NULL, "1");
INSERT INTO Borrow (Books_ISBN,Users_id_user,start_date,end_date,approved) VALUES ("1710475945045", 138, "2023-06-02", NULL, "1");
INSERT INTO Borrow (Books_ISBN,Users_id_user,start_date,end_date,approved) VALUES ("7463022218829", 277, "2023-06-03", NULL, "1");
INSERT INTO Borrow (Books_ISBN,Users_id_user,start_date,end_date,approved) VALUES ("7223840120308", 296, "2023-06-04", NULL, "1");

INSERT INTO Borrow (Books_ISBN,Users_id_user,start_date,end_date,approved) VALUES ("6809733472810","20","2023-06-12",NULL,0);
INSERT INTO Borrow (Books_ISBN,Users_id_user,start_date,end_date,approved) VALUES ("8660676074299","130","2023-06-12",NULL,0);
INSERT INTO Borrow (Books_ISBN,Users_id_user,start_date,end_date,approved) VALUES ("3457931777651","261","2023-06-12",NULL,0);
INSERT INTO Borrow (Books_ISBN,Users_id_user,start_date,end_date,approved) VALUES ("7362470200301","295","2023-06-12",NULL,0);
INSERT INTO Borrow (Books_ISBN,Users_id_user,start_date,end_date,approved) VALUES ("3042167126552","113","2023-06-12",NULL,0);
INSERT INTO Borrow (Books_ISBN,Users_id_user,start_date,end_date,approved) VALUES ("2304298198764","48","2023-06-12",NULL,0);
INSERT INTO Borrow (Books_ISBN,Users_id_user,start_date,end_date,approved) VALUES ("9680410744593","321","2023-06-12",NULL,0);
INSERT INTO Borrow (Books_ISBN,Users_id_user,start_date,end_date,approved) VALUES ("5612193079777","259","2023-06-12",NULL,0);
INSERT INTO Borrow (Books_ISBN,Users_id_user,start_date,end_date,approved) VALUES ("7669407037500","225","2023-06-12",NULL,0);
INSERT INTO Borrow (Books_ISBN,Users_id_user,start_date,end_date,approved) VALUES ("4350494471445","261","2023-06-12",NULL,0);
INSERT INTO Borrow (Books_ISBN,Users_id_user,start_date,end_date,approved) VALUES ("3851194388241","58","2023-06-12",NULL,0);
INSERT INTO Borrow (Books_ISBN,Users_id_user,start_date,end_date,approved) VALUES ("3292471452856","229","2023-06-12",NULL,0);
INSERT INTO Borrow (Books_ISBN,Users_id_user,start_date,end_date,approved) VALUES ("6929090702953","267","2023-06-12",NULL,0);
INSERT INTO Borrow (Books_ISBN,Users_id_user,start_date,end_date,approved) VALUES ("3508121487314","154","2023-06-12",NULL,0);
INSERT INTO Borrow (Books_ISBN,Users_id_user,start_date,end_date,approved) VALUES ("1250025184628","133","2023-06-12",NULL,0);
INSERT INTO Borrow (Books_ISBN,Users_id_user,start_date,end_date,approved) VALUES ("6121968691639","13","2023-06-12",NULL,0);
INSERT INTO Borrow (Books_ISBN,Users_id_user,start_date,end_date,approved) VALUES ("9680410744593","8","2023-06-12",NULL,0);
INSERT INTO Borrow (Books_ISBN,Users_id_user,start_date,end_date,approved) VALUES ("7723792775412","186","2023-06-12",NULL,0);
INSERT INTO Borrow (Books_ISBN,Users_id_user,start_date,end_date,approved) VALUES ("5513415173415","225","2023-06-12",NULL,0);



INSERT INTO Authors (first_name,last_name,birth_date) VALUES ("James", "Scott", "1724-04-14");
INSERT INTO Authors (first_name,last_name,birth_date) VALUES ("Jeremiah", "Peterson", "1789-06-01");
INSERT INTO Authors (first_name,last_name,birth_date) VALUES ("Priscilla", "Nguyen", "1927-03-17");
INSERT INTO Authors (first_name,last_name,birth_date) VALUES ("Linda", "Frazier", "1607-04-13");
INSERT INTO Authors (first_name,last_name,birth_date) VALUES ("Heidi", "Floyd", "1895-10-05");
INSERT INTO Authors (first_name,last_name,birth_date) VALUES ("Chris", "Mcgrath", "1664-05-30");
INSERT INTO Authors (first_name,last_name,birth_date) VALUES ("Barbara", "George", "1668-03-11");
INSERT INTO Authors (first_name,last_name,birth_date) VALUES ("Justin", "Brown", "1642-09-03");
INSERT INTO Authors (first_name,last_name,birth_date) VALUES ("Michael", "Dyer", "1913-04-16");
INSERT INTO Authors (first_name,last_name,birth_date) VALUES ("Marvin", "Gonzalez", "1951-01-03");
INSERT INTO Authors (first_name,last_name,birth_date) VALUES ("William", "Stone", "1835-10-09");
INSERT INTO Authors (first_name,last_name,birth_date) VALUES ("Timothy", "Page", "1585-11-09");
INSERT INTO Authors (first_name,last_name,birth_date) VALUES ("Cody", "Burton", "1668-04-11");
INSERT INTO Authors (first_name,last_name,birth_date) VALUES ("Patrick", "Morales", "1580-08-10");
INSERT INTO Authors (first_name,last_name,birth_date) VALUES ("Michael", "Carlson", "1664-09-08");
INSERT INTO Authors (first_name,last_name,birth_date) VALUES ("Steve", "Smith", "1602-12-02");
INSERT INTO Authors (first_name,last_name,birth_date) VALUES ("Angela", "Jackson", "1910-03-16");
INSERT INTO Authors (first_name,last_name,birth_date) VALUES ("Misty", "Jackson", "1717-12-22");
INSERT INTO Authors (first_name,last_name,birth_date) VALUES ("Paul", "Stewart", "1944-01-02");
INSERT INTO Authors (first_name,last_name,birth_date) VALUES ("Nicholas", "Kelly", "1846-06-25");
INSERT INTO Authors (first_name,last_name,birth_date) VALUES ("Dawn", "Watson", "1833-09-06");
INSERT INTO Authors (first_name,last_name,birth_date) VALUES ("Douglas", "Carey", "1734-02-09");
INSERT INTO Authors (first_name,last_name,birth_date) VALUES ("Mary", "Kennedy", "1618-08-19");
INSERT INTO Authors (first_name,last_name,birth_date) VALUES ("Thomas", "Rodriguez", "1686-06-17");
INSERT INTO Authors (first_name,last_name,birth_date) VALUES ("Eric", "Anderson", "1666-12-16");
INSERT INTO Authors (first_name,last_name,birth_date) VALUES ("Ryan", "Wilson", "1870-03-20");
INSERT INTO Authors (first_name,last_name,birth_date) VALUES ("Jason", "Zamora", "1615-02-18");
INSERT INTO Authors (first_name,last_name,birth_date) VALUES ("Tracy", "Melendez", "1739-02-20");
INSERT INTO Authors (first_name,last_name,birth_date) VALUES ("Robert", "White", "1844-07-16");
INSERT INTO Authors (first_name,last_name,birth_date) VALUES ("Adam", "Ramirez", "1903-06-20");
INSERT INTO Authors (first_name,last_name,birth_date) VALUES ("Kathy", "Thompson", "1768-12-05");
INSERT INTO Authors (first_name,last_name,birth_date) VALUES ("Daniel", "Williams", "1612-03-17");
INSERT INTO Authors (first_name,last_name,birth_date) VALUES ("Janice", "Smith", "1804-01-31");
INSERT INTO Authors (first_name,last_name,birth_date) VALUES ("Richard", "Salazar", "1909-08-29");
INSERT INTO Authors (first_name,last_name,birth_date) VALUES ("Mark", "Robles", "1965-01-30");
INSERT INTO Authors (first_name,last_name,birth_date) VALUES ("Stephen", "Davila", "1780-04-01");
INSERT INTO Authors (first_name,last_name,birth_date) VALUES ("Melissa", "Osborne", "1576-11-17");
INSERT INTO Authors (first_name,last_name,birth_date) VALUES ("Joshua", "Rosales", "1897-05-19");
INSERT INTO Authors (first_name,last_name,birth_date) VALUES ("Sean", "Blankenship", "1988-05-30");
INSERT INTO Authors (first_name,last_name,birth_date) VALUES ("Peter", "Gardner", "1722-05-27");
INSERT INTO Authors (first_name,last_name,birth_date) VALUES ("Luis", "Flores", "1682-06-19");
INSERT INTO Authors (first_name,last_name,birth_date) VALUES ("Alicia", "Barrera", "1972-05-25");
INSERT INTO Authors (first_name,last_name,birth_date) VALUES ("Ronald", "Mathis", "1939-10-03");
INSERT INTO Authors (first_name,last_name,birth_date) VALUES ("Jody", "Austin", "1667-05-01");
INSERT INTO Authors (first_name,last_name,birth_date) VALUES ("Nicole", "Myers", "1877-01-24");
INSERT INTO Authors (first_name,last_name,birth_date) VALUES ("Mackenzie", "Anderson", "1956-10-24");
INSERT INTO Authors (first_name,last_name,birth_date) VALUES ("Cole", "Townsend", "1695-09-27");
INSERT INTO Authors (first_name,last_name,birth_date) VALUES ("James", "Baird", "1708-09-23");
INSERT INTO Authors (first_name,last_name,birth_date) VALUES ("Stephanie", "Allen", "1549-08-07");
INSERT INTO Authors (first_name,last_name,birth_date) VALUES ("Sherry", "Barber", "1898-12-20");
INSERT INTO Authors (first_name,last_name,birth_date) VALUES ("John", "Lopez", "1807-04-30");
INSERT INTO Authors (first_name,last_name,birth_date) VALUES ("Nancy", "Nelson", "1952-07-05");
INSERT INTO Authors (first_name,last_name,birth_date) VALUES ("Jesse", "Shaw", "1800-11-08");
INSERT INTO Authors (first_name,last_name,birth_date) VALUES ("Dean", "Gross", "1731-01-14");
INSERT INTO Authors (first_name,last_name,birth_date) VALUES ("Elizabeth", "Martinez", "1634-09-21");
INSERT INTO Authors (first_name,last_name,birth_date) VALUES ("Colleen", "Bailey", "1630-08-09");
INSERT INTO Authors (first_name,last_name,birth_date) VALUES ("Carol", "Robbins", "1731-01-09");
INSERT INTO Authors (first_name,last_name,birth_date) VALUES ("Susan", "Beck", "1545-01-18");
INSERT INTO Authors (first_name,last_name,birth_date) VALUES ("William", "Spence", "1551-10-31");
INSERT INTO Authors (first_name,last_name,birth_date) VALUES ("Michelle", "Harrison", "1779-05-13");
INSERT INTO Authors (first_name,last_name,birth_date) VALUES ("Lawrence", "Sherman", "1562-03-16");
INSERT INTO Authors (first_name,last_name,birth_date) VALUES ("Robert", "Hawkins", "1828-01-18");
INSERT INTO Authors (first_name,last_name,birth_date) VALUES ("Christopher", "Peters", "1990-12-22");
INSERT INTO Authors (first_name,last_name,birth_date) VALUES ("Holly", "Jordan", "1726-09-25");
INSERT INTO Authors (first_name,last_name,birth_date) VALUES ("Stephen", "Day", "1844-02-06");
INSERT INTO Authors (first_name,last_name,birth_date) VALUES ("Sabrina", "Schwartz", "1852-03-29");
INSERT INTO Authors (first_name,last_name,birth_date) VALUES ("David", "Parker", "1937-07-23");
INSERT INTO Authors (first_name,last_name,birth_date) VALUES ("Justin", "Williams", "1703-02-24");
INSERT INTO Authors (first_name,last_name,birth_date) VALUES ("Monica", "Rodriguez", "1927-04-01");
INSERT INTO Authors (first_name,last_name,birth_date) VALUES ("Amanda", "Castillo", "1609-02-15");
INSERT INTO Authors (first_name,last_name,birth_date) VALUES ("William", "Johnson", "1891-11-09");
INSERT INTO Authors (first_name,last_name,birth_date) VALUES ("Troy", "Ashley", "1659-11-01");
INSERT INTO Authors (first_name,last_name,birth_date) VALUES ("Jonathan", "Miller", "1674-08-26");
INSERT INTO Authors (first_name,last_name,birth_date) VALUES ("Judy", "Mcbride", "1847-10-06");
INSERT INTO Authors (first_name,last_name,birth_date) VALUES ("Michelle", "Alvarez", "1767-03-28");
INSERT INTO Authors (first_name,last_name,birth_date) VALUES ("David", "Thompson", "1532-06-03");
INSERT INTO Authors (first_name,last_name,birth_date) VALUES ("Teresa", "Fitzgerald", "1579-09-09");
INSERT INTO Authors (first_name,last_name,birth_date) VALUES ("Destiny", "Thompson", "1954-01-21");
INSERT INTO Authors (first_name,last_name,birth_date) VALUES ("Brian", "Wright", "1696-04-15");
INSERT INTO Authors (first_name,last_name,birth_date) VALUES ("Shawn", "Miller", "1687-10-03");
INSERT INTO Authors (first_name,last_name,birth_date) VALUES ("Steven", "Howell", "1835-12-08");
INSERT INTO Authors (first_name,last_name,birth_date) VALUES ("Cody", "Weaver", "1683-06-29");
INSERT INTO Authors (first_name,last_name,birth_date) VALUES ("Jessica", "Salas", "1641-08-13");
INSERT INTO Authors (first_name,last_name,birth_date) VALUES ("Paul", "Garcia", "1838-07-30");
INSERT INTO Authors (first_name,last_name,birth_date) VALUES ("Shane", "Miller", "1733-05-25");
INSERT INTO Authors (first_name,last_name,birth_date) VALUES ("Victoria", "Ward", "1754-07-11");
INSERT INTO Authors (first_name,last_name,birth_date) VALUES ("David", "Brown", "1731-10-01");
INSERT INTO Authors (first_name,last_name,birth_date) VALUES ("Joseph", "Carlson", "1725-10-22");
INSERT INTO Authors (first_name,last_name,birth_date) VALUES ("Richard", "Brooks", "1752-11-22");
INSERT INTO Authors (first_name,last_name,birth_date) VALUES ("Wesley", "Bailey", "1978-11-13");
INSERT INTO Authors (first_name,last_name,birth_date) VALUES ("Michelle", "Garcia", "1950-07-28");
INSERT INTO Authors (first_name,last_name,birth_date) VALUES ("Kyle", "Washington", "1814-08-11");
INSERT INTO Authors (first_name,last_name,birth_date) VALUES ("Brenda", "Gill", "1588-03-27");
INSERT INTO Authors (first_name,last_name,birth_date) VALUES ("Jeffrey", "Diaz", "1961-01-12");
INSERT INTO Authors (first_name,last_name,birth_date) VALUES ("Catherine", "Ellis", "1828-02-15");
INSERT INTO Authors (first_name,last_name,birth_date) VALUES ("Joseph", "Schroeder", "1523-08-24");
INSERT INTO Authors (first_name,last_name,birth_date) VALUES ("Sharon", "Parker", "1733-06-16");
INSERT INTO Authors (first_name,last_name,birth_date) VALUES ("Kevin", "Collier", "1997-02-27");
INSERT INTO Authors (first_name,last_name,birth_date) VALUES ("Eugene", "Adkins", "1967-02-13");
INSERT INTO Authors (first_name,last_name,birth_date) VALUES ("David", "Wood", "1655-07-17");




INSERT INTO Authors_Books (Books_ISBN,Authors_id_author) VALUES ("7776790190029","39");
INSERT INTO Authors_Books (Books_ISBN,Authors_id_author) VALUES ("1710475945045","99");
INSERT INTO Authors_Books (Books_ISBN,Authors_id_author) VALUES ("9549180827234","53");
INSERT INTO Authors_Books (Books_ISBN,Authors_id_author) VALUES ("7298469024260","50");
INSERT INTO Authors_Books (Books_ISBN,Authors_id_author) VALUES ("4843601077779","50");
INSERT INTO Authors_Books (Books_ISBN,Authors_id_author) VALUES ("3450298972278","8");
INSERT INTO Authors_Books (Books_ISBN,Authors_id_author) VALUES ("3457931777651","21");
INSERT INTO Authors_Books (Books_ISBN,Authors_id_author) VALUES ("2669693465209","83");
INSERT INTO Authors_Books (Books_ISBN,Authors_id_author) VALUES ("3585150118155","17");
INSERT INTO Authors_Books (Books_ISBN,Authors_id_author) VALUES ("2736498861273","31");
INSERT INTO Authors_Books (Books_ISBN,Authors_id_author) VALUES ("2300214726907","37");
INSERT INTO Authors_Books (Books_ISBN,Authors_id_author) VALUES ("6809733472810","94");
INSERT INTO Authors_Books (Books_ISBN,Authors_id_author) VALUES ("7223840120308","43");
INSERT INTO Authors_Books (Books_ISBN,Authors_id_author) VALUES ("6563847402146","8");
INSERT INTO Authors_Books (Books_ISBN,Authors_id_author) VALUES ("4598808979388","5");
INSERT INTO Authors_Books (Books_ISBN,Authors_id_author) VALUES ("8788824449030","62");
INSERT INTO Authors_Books (Books_ISBN,Authors_id_author) VALUES ("2096335466435","54");
INSERT INTO Authors_Books (Books_ISBN,Authors_id_author) VALUES ("2640737815720","19");
INSERT INTO Authors_Books (Books_ISBN,Authors_id_author) VALUES ("6862061717290","63");
INSERT INTO Authors_Books (Books_ISBN,Authors_id_author) VALUES ("2107545240552","78");
INSERT INTO Authors_Books (Books_ISBN,Authors_id_author) VALUES ("4902267744847","92");
INSERT INTO Authors_Books (Books_ISBN,Authors_id_author) VALUES ("3508121487314","11");
INSERT INTO Authors_Books (Books_ISBN,Authors_id_author) VALUES ("2603946816068","87");
INSERT INTO Authors_Books (Books_ISBN,Authors_id_author) VALUES ("9611120951947","90");
INSERT INTO Authors_Books (Books_ISBN,Authors_id_author) VALUES ("6300458043153","20");
INSERT INTO Authors_Books (Books_ISBN,Authors_id_author) VALUES ("6121968691639","46");
INSERT INTO Authors_Books (Books_ISBN,Authors_id_author) VALUES ("3197762946429","53");
INSERT INTO Authors_Books (Books_ISBN,Authors_id_author) VALUES ("6852096697962","5");
INSERT INTO Authors_Books (Books_ISBN,Authors_id_author) VALUES ("4575733290689","79");
INSERT INTO Authors_Books (Books_ISBN,Authors_id_author) VALUES ("6061995270775","60");
INSERT INTO Authors_Books (Books_ISBN,Authors_id_author) VALUES ("2612523949317","50");
INSERT INTO Authors_Books (Books_ISBN,Authors_id_author) VALUES ("6576520688037","59");
INSERT INTO Authors_Books (Books_ISBN,Authors_id_author) VALUES ("5258784992626","7");
INSERT INTO Authors_Books (Books_ISBN,Authors_id_author) VALUES ("4235357329612","13");
INSERT INTO Authors_Books (Books_ISBN,Authors_id_author) VALUES ("1580622582197","61");
INSERT INTO Authors_Books (Books_ISBN,Authors_id_author) VALUES ("5576960500855","100");
INSERT INTO Authors_Books (Books_ISBN,Authors_id_author) VALUES ("2213227462524","20");
INSERT INTO Authors_Books (Books_ISBN,Authors_id_author) VALUES ("3292471452856","3");
INSERT INTO Authors_Books (Books_ISBN,Authors_id_author) VALUES ("3632285685227","5");
INSERT INTO Authors_Books (Books_ISBN,Authors_id_author) VALUES ("1682570724040","77");
INSERT INTO Authors_Books (Books_ISBN,Authors_id_author) VALUES ("2412367612200","80");
INSERT INTO Authors_Books (Books_ISBN,Authors_id_author) VALUES ("5143834392101","17");
INSERT INTO Authors_Books (Books_ISBN,Authors_id_author) VALUES ("4787514702227","81");
INSERT INTO Authors_Books (Books_ISBN,Authors_id_author) VALUES ("8378538056308","42");
INSERT INTO Authors_Books (Books_ISBN,Authors_id_author) VALUES ("5842917913714","14");
INSERT INTO Authors_Books (Books_ISBN,Authors_id_author) VALUES ("9664884189825","90");
INSERT INTO Authors_Books (Books_ISBN,Authors_id_author) VALUES ("7286944459354","71");
INSERT INTO Authors_Books (Books_ISBN,Authors_id_author) VALUES ("6704070358384","84");
INSERT INTO Authors_Books (Books_ISBN,Authors_id_author) VALUES ("3029856447110","45");
INSERT INTO Authors_Books (Books_ISBN,Authors_id_author) VALUES ("6899696559623","25");
INSERT INTO Authors_Books (Books_ISBN,Authors_id_author) VALUES ("4349409104130","50");
INSERT INTO Authors_Books (Books_ISBN,Authors_id_author) VALUES ("1284511671597","100");
INSERT INTO Authors_Books (Books_ISBN,Authors_id_author) VALUES ("5770555420850","100");
INSERT INTO Authors_Books (Books_ISBN,Authors_id_author) VALUES ("7542182062612","63");
INSERT INTO Authors_Books (Books_ISBN,Authors_id_author) VALUES ("4001299880504","15");
INSERT INTO Authors_Books (Books_ISBN,Authors_id_author) VALUES ("8496146163421","8");
INSERT INTO Authors_Books (Books_ISBN,Authors_id_author) VALUES ("2094426013251","79");
INSERT INTO Authors_Books (Books_ISBN,Authors_id_author) VALUES ("4851287169798","90");
INSERT INTO Authors_Books (Books_ISBN,Authors_id_author) VALUES ("2304298198764","60");
INSERT INTO Authors_Books (Books_ISBN,Authors_id_author) VALUES ("3186253015528","79");
INSERT INTO Authors_Books (Books_ISBN,Authors_id_author) VALUES ("4318442056368","81");
INSERT INTO Authors_Books (Books_ISBN,Authors_id_author) VALUES ("3107007674143","44");
INSERT INTO Authors_Books (Books_ISBN,Authors_id_author) VALUES ("2607998000341","84");
INSERT INTO Authors_Books (Books_ISBN,Authors_id_author) VALUES ("3044320752545","16");
INSERT INTO Authors_Books (Books_ISBN,Authors_id_author) VALUES ("4423181863031","88");
INSERT INTO Authors_Books (Books_ISBN,Authors_id_author) VALUES ("9427257960442","92");
INSERT INTO Authors_Books (Books_ISBN,Authors_id_author) VALUES ("2077181004443","80");
INSERT INTO Authors_Books (Books_ISBN,Authors_id_author) VALUES ("2229476994082","38");
INSERT INTO Authors_Books (Books_ISBN,Authors_id_author) VALUES ("2263668839545","17");
INSERT INTO Authors_Books (Books_ISBN,Authors_id_author) VALUES ("6298473200792","50");
INSERT INTO Authors_Books (Books_ISBN,Authors_id_author) VALUES ("8672316091800","38");
INSERT INTO Authors_Books (Books_ISBN,Authors_id_author) VALUES ("2074516283493","96");
INSERT INTO Authors_Books (Books_ISBN,Authors_id_author) VALUES ("9218435539566","88");
INSERT INTO Authors_Books (Books_ISBN,Authors_id_author) VALUES ("7884782045825","16");
INSERT INTO Authors_Books (Books_ISBN,Authors_id_author) VALUES ("5574996396846","67");
INSERT INTO Authors_Books (Books_ISBN,Authors_id_author) VALUES ("9275249202891","25");
INSERT INTO Authors_Books (Books_ISBN,Authors_id_author) VALUES ("4580596726802","5");
INSERT INTO Authors_Books (Books_ISBN,Authors_id_author) VALUES ("3786043072352","51");
INSERT INTO Authors_Books (Books_ISBN,Authors_id_author) VALUES ("3851194388241","57");
INSERT INTO Authors_Books (Books_ISBN,Authors_id_author) VALUES ("3062660996015","48");
INSERT INTO Authors_Books (Books_ISBN,Authors_id_author) VALUES ("1232679077977","97");
INSERT INTO Authors_Books (Books_ISBN,Authors_id_author) VALUES ("7834826922727","25");
INSERT INTO Authors_Books (Books_ISBN,Authors_id_author) VALUES ("3698317209475","59");
INSERT INTO Authors_Books (Books_ISBN,Authors_id_author) VALUES ("9053117093578","46");
INSERT INTO Authors_Books (Books_ISBN,Authors_id_author) VALUES ("2390459474331","81");
INSERT INTO Authors_Books (Books_ISBN,Authors_id_author) VALUES ("3372028331411","10");
INSERT INTO Authors_Books (Books_ISBN,Authors_id_author) VALUES ("9478064134359","6");
INSERT INTO Authors_Books (Books_ISBN,Authors_id_author) VALUES ("3330539779172","6");
INSERT INTO Authors_Books (Books_ISBN,Authors_id_author) VALUES ("6457682027631","63");
INSERT INTO Authors_Books (Books_ISBN,Authors_id_author) VALUES ("2420134513541","33");
INSERT INTO Authors_Books (Books_ISBN,Authors_id_author) VALUES ("3814639823221","4");
INSERT INTO Authors_Books (Books_ISBN,Authors_id_author) VALUES ("4922333424977","67");
INSERT INTO Authors_Books (Books_ISBN,Authors_id_author) VALUES ("8884002597743","86");
INSERT INTO Authors_Books (Books_ISBN,Authors_id_author) VALUES ("1555830643117","73");
INSERT INTO Authors_Books (Books_ISBN,Authors_id_author) VALUES ("3912188743919","74");
INSERT INTO Authors_Books (Books_ISBN,Authors_id_author) VALUES ("2122899237347","28");
INSERT INTO Authors_Books (Books_ISBN,Authors_id_author) VALUES ("8851877475764","30");
INSERT INTO Authors_Books (Books_ISBN,Authors_id_author) VALUES ("1003244782399","12");
INSERT INTO Authors_Books (Books_ISBN,Authors_id_author) VALUES ("1686696014944","100");
INSERT INTO Authors_Books (Books_ISBN,Authors_id_author) VALUES ("6735905556559","81");
INSERT INTO Authors_Books (Books_ISBN,Authors_id_author) VALUES ("1878178615269","100");
INSERT INTO Authors_Books (Books_ISBN,Authors_id_author) VALUES ("8304933698781","65");
INSERT INTO Authors_Books (Books_ISBN,Authors_id_author) VALUES ("3296628768301","90");
INSERT INTO Authors_Books (Books_ISBN,Authors_id_author) VALUES ("1261936403766","68");
INSERT INTO Authors_Books (Books_ISBN,Authors_id_author) VALUES ("8347308275915","54");
INSERT INTO Authors_Books (Books_ISBN,Authors_id_author) VALUES ("1057192545323","65");
INSERT INTO Authors_Books (Books_ISBN,Authors_id_author) VALUES ("1250025184628","40");
INSERT INTO Authors_Books (Books_ISBN,Authors_id_author) VALUES ("4350494471445","15");
INSERT INTO Authors_Books (Books_ISBN,Authors_id_author) VALUES ("4494596985436","19");
INSERT INTO Authors_Books (Books_ISBN,Authors_id_author) VALUES ("6320921827053","55");
INSERT INTO Authors_Books (Books_ISBN,Authors_id_author) VALUES ("4208248293567","73");
INSERT INTO Authors_Books (Books_ISBN,Authors_id_author) VALUES ("9367026565403","55");
INSERT INTO Authors_Books (Books_ISBN,Authors_id_author) VALUES ("1382601465276","11");
INSERT INTO Authors_Books (Books_ISBN,Authors_id_author) VALUES ("3039217579284","14");
INSERT INTO Authors_Books (Books_ISBN,Authors_id_author) VALUES ("5513415173415","54");
INSERT INTO Authors_Books (Books_ISBN,Authors_id_author) VALUES ("3024420177782","9");
INSERT INTO Authors_Books (Books_ISBN,Authors_id_author) VALUES ("3718163957757","13");
INSERT INTO Authors_Books (Books_ISBN,Authors_id_author) VALUES ("1743109118338","54");
INSERT INTO Authors_Books (Books_ISBN,Authors_id_author) VALUES ("4616537110670","100");
INSERT INTO Authors_Books (Books_ISBN,Authors_id_author) VALUES ("5568475094527","20");
INSERT INTO Authors_Books (Books_ISBN,Authors_id_author) VALUES ("6538610964180","94");
INSERT INTO Authors_Books (Books_ISBN,Authors_id_author) VALUES ("7455106076120","4");
INSERT INTO Authors_Books (Books_ISBN,Authors_id_author) VALUES ("9700123532167","58");
INSERT INTO Authors_Books (Books_ISBN,Authors_id_author) VALUES ("9069825692450","56");
INSERT INTO Authors_Books (Books_ISBN,Authors_id_author) VALUES ("8660676074299","88");
INSERT INTO Authors_Books (Books_ISBN,Authors_id_author) VALUES ("4137636512616","54");
INSERT INTO Authors_Books (Books_ISBN,Authors_id_author) VALUES ("7606552384889","4");
INSERT INTO Authors_Books (Books_ISBN,Authors_id_author) VALUES ("6122122701687","64");
INSERT INTO Authors_Books (Books_ISBN,Authors_id_author) VALUES ("3435284669535","42");
INSERT INTO Authors_Books (Books_ISBN,Authors_id_author) VALUES ("5772357305445","93");
INSERT INTO Authors_Books (Books_ISBN,Authors_id_author) VALUES ("6937076781189","33");
INSERT INTO Authors_Books (Books_ISBN,Authors_id_author) VALUES ("7463022218829","11");
INSERT INTO Authors_Books (Books_ISBN,Authors_id_author) VALUES ("2648058405916","46");
INSERT INTO Authors_Books (Books_ISBN,Authors_id_author) VALUES ("1629730416114","10");
INSERT INTO Authors_Books (Books_ISBN,Authors_id_author) VALUES ("5741820860103","16");
INSERT INTO Authors_Books (Books_ISBN,Authors_id_author) VALUES ("3629223760839","46");
INSERT INTO Authors_Books (Books_ISBN,Authors_id_author) VALUES ("7349205189047","89");
INSERT INTO Authors_Books (Books_ISBN,Authors_id_author) VALUES ("3282983356303","4");
INSERT INTO Authors_Books (Books_ISBN,Authors_id_author) VALUES ("3019894802621","45");
INSERT INTO Authors_Books (Books_ISBN,Authors_id_author) VALUES ("6416161019759","45");
INSERT INTO Authors_Books (Books_ISBN,Authors_id_author) VALUES ("6321768833510","23");
INSERT INTO Authors_Books (Books_ISBN,Authors_id_author) VALUES ("6262745923324","2");
INSERT INTO Authors_Books (Books_ISBN,Authors_id_author) VALUES ("2913041662464","30");
INSERT INTO Authors_Books (Books_ISBN,Authors_id_author) VALUES ("9464988227605","47");
INSERT INTO Authors_Books (Books_ISBN,Authors_id_author) VALUES ("6929090702953","10");
INSERT INTO Authors_Books (Books_ISBN,Authors_id_author) VALUES ("3187614326046","77");
INSERT INTO Authors_Books (Books_ISBN,Authors_id_author) VALUES ("3042167126552","19");
INSERT INTO Authors_Books (Books_ISBN,Authors_id_author) VALUES ("9756148088140","27");
INSERT INTO Authors_Books (Books_ISBN,Authors_id_author) VALUES ("1663256918858","1");
INSERT INTO Authors_Books (Books_ISBN,Authors_id_author) VALUES ("6893991794140","27");
INSERT INTO Authors_Books (Books_ISBN,Authors_id_author) VALUES ("3739735585374","85");
INSERT INTO Authors_Books (Books_ISBN,Authors_id_author) VALUES ("3933117729381","87");
INSERT INTO Authors_Books (Books_ISBN,Authors_id_author) VALUES ("2531752319740","94");
INSERT INTO Authors_Books (Books_ISBN,Authors_id_author) VALUES ("4483582130081","16");
INSERT INTO Authors_Books (Books_ISBN,Authors_id_author) VALUES ("4890166068174","96");
INSERT INTO Authors_Books (Books_ISBN,Authors_id_author) VALUES ("7769131122181","1");
INSERT INTO Authors_Books (Books_ISBN,Authors_id_author) VALUES ("2722315605532","38");
INSERT INTO Authors_Books (Books_ISBN,Authors_id_author) VALUES ("6100355284390","48");
INSERT INTO Authors_Books (Books_ISBN,Authors_id_author) VALUES ("4821143508457","89");
INSERT INTO Authors_Books (Books_ISBN,Authors_id_author) VALUES ("2470695749941","4");
INSERT INTO Authors_Books (Books_ISBN,Authors_id_author) VALUES ("4871347505250","78");
INSERT INTO Authors_Books (Books_ISBN,Authors_id_author) VALUES ("3932505315635","30");
INSERT INTO Authors_Books (Books_ISBN,Authors_id_author) VALUES ("4377696374851","19");
INSERT INTO Authors_Books (Books_ISBN,Authors_id_author) VALUES ("3024469429739","24");
INSERT INTO Authors_Books (Books_ISBN,Authors_id_author) VALUES ("1488346389335","59");
INSERT INTO Authors_Books (Books_ISBN,Authors_id_author) VALUES ("4550550339925","15");
INSERT INTO Authors_Books (Books_ISBN,Authors_id_author) VALUES ("9745064130457","62");
INSERT INTO Authors_Books (Books_ISBN,Authors_id_author) VALUES ("5511424858515","45");
INSERT INTO Authors_Books (Books_ISBN,Authors_id_author) VALUES ("2838874590448","91");
INSERT INTO Authors_Books (Books_ISBN,Authors_id_author) VALUES ("9062503889440","34");
INSERT INTO Authors_Books (Books_ISBN,Authors_id_author) VALUES ("7362470200301","17");
INSERT INTO Authors_Books (Books_ISBN,Authors_id_author) VALUES ("2843190946164","4");
INSERT INTO Authors_Books (Books_ISBN,Authors_id_author) VALUES ("9585566563929","27");
INSERT INTO Authors_Books (Books_ISBN,Authors_id_author) VALUES ("8446098598856","47");
INSERT INTO Authors_Books (Books_ISBN,Authors_id_author) VALUES ("1168443347865","43");
INSERT INTO Authors_Books (Books_ISBN,Authors_id_author) VALUES ("6600203596803","61");
INSERT INTO Authors_Books (Books_ISBN,Authors_id_author) VALUES ("6664280687822","38");
INSERT INTO Authors_Books (Books_ISBN,Authors_id_author) VALUES ("3743557104635","38");
INSERT INTO Authors_Books (Books_ISBN,Authors_id_author) VALUES ("7669407037500","71");
INSERT INTO Authors_Books (Books_ISBN,Authors_id_author) VALUES ("6177939335054","82");
INSERT INTO Authors_Books (Books_ISBN,Authors_id_author) VALUES ("9275573288560","42");
INSERT INTO Authors_Books (Books_ISBN,Authors_id_author) VALUES ("2164105426935","24");
INSERT INTO Authors_Books (Books_ISBN,Authors_id_author) VALUES ("3294479293071","76");
INSERT INTO Authors_Books (Books_ISBN,Authors_id_author) VALUES ("6282984287310","11");
INSERT INTO Authors_Books (Books_ISBN,Authors_id_author) VALUES ("8893479680540","14");
INSERT INTO Authors_Books (Books_ISBN,Authors_id_author) VALUES ("9107421145436","69");
INSERT INTO Authors_Books (Books_ISBN,Authors_id_author) VALUES ("7532510387839","75");
INSERT INTO Authors_Books (Books_ISBN,Authors_id_author) VALUES ("7723792775412","40");
INSERT INTO Authors_Books (Books_ISBN,Authors_id_author) VALUES ("1590568433955","21");
INSERT INTO Authors_Books (Books_ISBN,Authors_id_author) VALUES ("2595897630345","49");
INSERT INTO Authors_Books (Books_ISBN,Authors_id_author) VALUES ("2344284101340","19");
INSERT INTO Authors_Books (Books_ISBN,Authors_id_author) VALUES ("8502221090747","17");
INSERT INTO Authors_Books (Books_ISBN,Authors_id_author) VALUES ("6094716426570","29");
INSERT INTO Authors_Books (Books_ISBN,Authors_id_author) VALUES ("8351260072134","41");
INSERT INTO Authors_Books (Books_ISBN,Authors_id_author) VALUES ("5108507254223","66");
INSERT INTO Authors_Books (Books_ISBN,Authors_id_author) VALUES ("1359909924897","32");
INSERT INTO Authors_Books (Books_ISBN,Authors_id_author) VALUES ("6317951063018","31");
INSERT INTO Authors_Books (Books_ISBN,Authors_id_author) VALUES ("6850838351963","97");
INSERT INTO Authors_Books (Books_ISBN,Authors_id_author) VALUES ("9680410744593","24");
INSERT INTO Authors_Books (Books_ISBN,Authors_id_author) VALUES ("5612193079777","38");




INSERT INTO Categories (category_name) VALUES ("Fantasy");
INSERT INTO Categories (category_name) VALUES ("Science Fiction");
INSERT INTO Categories (category_name) VALUES ("Mystery/Thriller");
INSERT INTO Categories (category_name) VALUES ("Romance");
INSERT INTO Categories (category_name) VALUES ("Historical Fiction");
INSERT INTO Categories (category_name) VALUES ("Young Adult");
INSERT INTO Categories (category_name) VALUES ("Horror");
INSERT INTO Categories (category_name) VALUES ("Non-Fiction (Biography/Autobiography)");
INSERT INTO Categories (category_name) VALUES ("Crime/Noir");
INSERT INTO Categories (category_name) VALUES ("Adventure");
INSERT INTO Categories (category_name) VALUES ("Comedy/Humor");
INSERT INTO Categories (category_name) VALUES ("Dystopian");
INSERT INTO Categories (category_name) VALUES ("Paranormal/Supernatural");
INSERT INTO Categories (category_name) VALUES ("Self-Help/Personal Development");
INSERT INTO Categories (category_name) VALUES ("Poetry");
INSERT INTO Categories (category_name) VALUES ("Memoir");
INSERT INTO Categories (category_name) VALUES ("Contemporary Fiction");
INSERT INTO Categories (category_name) VALUES ("Science/Popular Science");
INSERT INTO Categories (category_name) VALUES ("Travel");
INSERT INTO Categories (category_name) VALUES ("Children's Literature");




INSERT INTO Categories_Books (Books_ISBN,Categories_category_name) VALUES ("7776790190029","Adventure");
INSERT INTO Categories_Books (Books_ISBN,Categories_category_name) VALUES ("1710475945045","Self-Help/Personal Development");
INSERT INTO Categories_Books (Books_ISBN,Categories_category_name) VALUES ("9549180827234","Paranormal/Supernatural");
INSERT INTO Categories_Books (Books_ISBN,Categories_category_name) VALUES ("7298469024260","Paranormal/Supernatural");
INSERT INTO Categories_Books (Books_ISBN,Categories_category_name) VALUES ("4843601077779","Science Fiction");
INSERT INTO Categories_Books (Books_ISBN,Categories_category_name) VALUES ("3450298972278","Young Adult");
INSERT INTO Categories_Books (Books_ISBN,Categories_category_name) VALUES ("3457931777651","Historical Fiction");
INSERT INTO Categories_Books (Books_ISBN,Categories_category_name) VALUES ("2669693465209","Non-Fiction (Biography/Autobiography)");
INSERT INTO Categories_Books (Books_ISBN,Categories_category_name) VALUES ("3585150118155","Adventure");
INSERT INTO Categories_Books (Books_ISBN,Categories_category_name) VALUES ("2736498861273","Comedy/Humor");
INSERT INTO Categories_Books (Books_ISBN,Categories_category_name) VALUES ("2300214726907","Science Fiction");
INSERT INTO Categories_Books (Books_ISBN,Categories_category_name) VALUES ("6809733472810","Science Fiction");
INSERT INTO Categories_Books (Books_ISBN,Categories_category_name) VALUES ("7223840120308","Memoir");
INSERT INTO Categories_Books (Books_ISBN,Categories_category_name) VALUES ("6563847402146","Self-Help/Personal Development");
INSERT INTO Categories_Books (Books_ISBN,Categories_category_name) VALUES ("4598808979388","Historical Fiction");
INSERT INTO Categories_Books (Books_ISBN,Categories_category_name) VALUES ("8788824449030","Memoir");
INSERT INTO Categories_Books (Books_ISBN,Categories_category_name) VALUES ("2096335466435","Children's Literature");
INSERT INTO Categories_Books (Books_ISBN,Categories_category_name) VALUES ("2640737815720","Mystery/Thriller");
INSERT INTO Categories_Books (Books_ISBN,Categories_category_name) VALUES ("6862061717290","Historical Fiction");
INSERT INTO Categories_Books (Books_ISBN,Categories_category_name) VALUES ("2107545240552","Dystopian");
INSERT INTO Categories_Books (Books_ISBN,Categories_category_name) VALUES ("4902267744847","Self-Help/Personal Development");
INSERT INTO Categories_Books (Books_ISBN,Categories_category_name) VALUES ("3508121487314","Science Fiction");
INSERT INTO Categories_Books (Books_ISBN,Categories_category_name) VALUES ("2603946816068","Children's Literature");
INSERT INTO Categories_Books (Books_ISBN,Categories_category_name) VALUES ("9611120951947","Poetry");
INSERT INTO Categories_Books (Books_ISBN,Categories_category_name) VALUES ("6300458043153","Paranormal/Supernatural");
INSERT INTO Categories_Books (Books_ISBN,Categories_category_name) VALUES ("6121968691639","Poetry");
INSERT INTO Categories_Books (Books_ISBN,Categories_category_name) VALUES ("3197762946429","Science Fiction");
INSERT INTO Categories_Books (Books_ISBN,Categories_category_name) VALUES ("6852096697962","Romance");
INSERT INTO Categories_Books (Books_ISBN,Categories_category_name) VALUES ("4575733290689","Memoir");
INSERT INTO Categories_Books (Books_ISBN,Categories_category_name) VALUES ("6061995270775","Historical Fiction");
INSERT INTO Categories_Books (Books_ISBN,Categories_category_name) VALUES ("2612523949317","Fantasy");
INSERT INTO Categories_Books (Books_ISBN,Categories_category_name) VALUES ("6576520688037","Science Fiction");
INSERT INTO Categories_Books (Books_ISBN,Categories_category_name) VALUES ("5258784992626","Children's Literature");
INSERT INTO Categories_Books (Books_ISBN,Categories_category_name) VALUES ("4235357329612","Children's Literature");
INSERT INTO Categories_Books (Books_ISBN,Categories_category_name) VALUES ("1580622582197","Historical Fiction");
INSERT INTO Categories_Books (Books_ISBN,Categories_category_name) VALUES ("5576960500855","Comedy/Humor");
INSERT INTO Categories_Books (Books_ISBN,Categories_category_name) VALUES ("2213227462524","Romance");
INSERT INTO Categories_Books (Books_ISBN,Categories_category_name) VALUES ("3292471452856","Science/Popular Science");
INSERT INTO Categories_Books (Books_ISBN,Categories_category_name) VALUES ("3632285685227","Dystopian");
INSERT INTO Categories_Books (Books_ISBN,Categories_category_name) VALUES ("1682570724040","Horror");
INSERT INTO Categories_Books (Books_ISBN,Categories_category_name) VALUES ("2412367612200","Paranormal/Supernatural");
INSERT INTO Categories_Books (Books_ISBN,Categories_category_name) VALUES ("5143834392101","Memoir");
INSERT INTO Categories_Books (Books_ISBN,Categories_category_name) VALUES ("4787514702227","Romance");
INSERT INTO Categories_Books (Books_ISBN,Categories_category_name) VALUES ("8378538056308","Science Fiction");
INSERT INTO Categories_Books (Books_ISBN,Categories_category_name) VALUES ("5842917913714","Children's Literature");
INSERT INTO Categories_Books (Books_ISBN,Categories_category_name) VALUES ("9664884189825","Poetry");
INSERT INTO Categories_Books (Books_ISBN,Categories_category_name) VALUES ("7286944459354","Children's Literature");
INSERT INTO Categories_Books (Books_ISBN,Categories_category_name) VALUES ("6704070358384","Comedy/Humor");
INSERT INTO Categories_Books (Books_ISBN,Categories_category_name) VALUES ("3029856447110","Romance");
INSERT INTO Categories_Books (Books_ISBN,Categories_category_name) VALUES ("6899696559623","Children's Literature");
INSERT INTO Categories_Books (Books_ISBN,Categories_category_name) VALUES ("4349409104130","Adventure");
INSERT INTO Categories_Books (Books_ISBN,Categories_category_name) VALUES ("1284511671597","Historical Fiction");
INSERT INTO Categories_Books (Books_ISBN,Categories_category_name) VALUES ("5770555420850","Paranormal/Supernatural");
INSERT INTO Categories_Books (Books_ISBN,Categories_category_name) VALUES ("7542182062612","Adventure");
INSERT INTO Categories_Books (Books_ISBN,Categories_category_name) VALUES ("4001299880504","Romance");
INSERT INTO Categories_Books (Books_ISBN,Categories_category_name) VALUES ("8496146163421","Contemporary Fiction");
INSERT INTO Categories_Books (Books_ISBN,Categories_category_name) VALUES ("2094426013251","Horror");
INSERT INTO Categories_Books (Books_ISBN,Categories_category_name) VALUES ("4851287169798","Science Fiction");
INSERT INTO Categories_Books (Books_ISBN,Categories_category_name) VALUES ("2304298198764","Paranormal/Supernatural");
INSERT INTO Categories_Books (Books_ISBN,Categories_category_name) VALUES ("3186253015528","Poetry");
INSERT INTO Categories_Books (Books_ISBN,Categories_category_name) VALUES ("4318442056368","Dystopian");
INSERT INTO Categories_Books (Books_ISBN,Categories_category_name) VALUES ("3107007674143","Horror");
INSERT INTO Categories_Books (Books_ISBN,Categories_category_name) VALUES ("2607998000341","Poetry");
INSERT INTO Categories_Books (Books_ISBN,Categories_category_name) VALUES ("3044320752545","Dystopian");
INSERT INTO Categories_Books (Books_ISBN,Categories_category_name) VALUES ("4423181863031","Mystery/Thriller");
INSERT INTO Categories_Books (Books_ISBN,Categories_category_name) VALUES ("9427257960442","Science Fiction");
INSERT INTO Categories_Books (Books_ISBN,Categories_category_name) VALUES ("2077181004443","Science Fiction");
INSERT INTO Categories_Books (Books_ISBN,Categories_category_name) VALUES ("2229476994082","Memoir");
INSERT INTO Categories_Books (Books_ISBN,Categories_category_name) VALUES ("2263668839545","Crime/Noir");
INSERT INTO Categories_Books (Books_ISBN,Categories_category_name) VALUES ("6298473200792","Fantasy");
INSERT INTO Categories_Books (Books_ISBN,Categories_category_name) VALUES ("8672316091800","Contemporary Fiction");
INSERT INTO Categories_Books (Books_ISBN,Categories_category_name) VALUES ("2074516283493","Travel");
INSERT INTO Categories_Books (Books_ISBN,Categories_category_name) VALUES ("9218435539566","Travel");
INSERT INTO Categories_Books (Books_ISBN,Categories_category_name) VALUES ("7884782045825","Horror");
INSERT INTO Categories_Books (Books_ISBN,Categories_category_name) VALUES ("5574996396846","Non-Fiction (Biography/Autobiography)");
INSERT INTO Categories_Books (Books_ISBN,Categories_category_name) VALUES ("9275249202891","Mystery/Thriller");
INSERT INTO Categories_Books (Books_ISBN,Categories_category_name) VALUES ("4580596726802","Contemporary Fiction");
INSERT INTO Categories_Books (Books_ISBN,Categories_category_name) VALUES ("3786043072352","Contemporary Fiction");
INSERT INTO Categories_Books (Books_ISBN,Categories_category_name) VALUES ("3851194388241","Self-Help/Personal Development");
INSERT INTO Categories_Books (Books_ISBN,Categories_category_name) VALUES ("3062660996015","Contemporary Fiction");
INSERT INTO Categories_Books (Books_ISBN,Categories_category_name) VALUES ("1232679077977","Adventure");
INSERT INTO Categories_Books (Books_ISBN,Categories_category_name) VALUES ("7834826922727","Romance");
INSERT INTO Categories_Books (Books_ISBN,Categories_category_name) VALUES ("3698317209475","Historical Fiction");
INSERT INTO Categories_Books (Books_ISBN,Categories_category_name) VALUES ("9053117093578","Self-Help/Personal Development");
INSERT INTO Categories_Books (Books_ISBN,Categories_category_name) VALUES ("2390459474331","Travel");
INSERT INTO Categories_Books (Books_ISBN,Categories_category_name) VALUES ("3372028331411","Self-Help/Personal Development");
INSERT INTO Categories_Books (Books_ISBN,Categories_category_name) VALUES ("9478064134359","Mystery/Thriller");
INSERT INTO Categories_Books (Books_ISBN,Categories_category_name) VALUES ("3330539779172","Romance");
INSERT INTO Categories_Books (Books_ISBN,Categories_category_name) VALUES ("6457682027631","Self-Help/Personal Development");
INSERT INTO Categories_Books (Books_ISBN,Categories_category_name) VALUES ("2420134513541","Mystery/Thriller");
INSERT INTO Categories_Books (Books_ISBN,Categories_category_name) VALUES ("3814639823221","Romance");
INSERT INTO Categories_Books (Books_ISBN,Categories_category_name) VALUES ("4922333424977","Self-Help/Personal Development");
INSERT INTO Categories_Books (Books_ISBN,Categories_category_name) VALUES ("8884002597743","Historical Fiction");
INSERT INTO Categories_Books (Books_ISBN,Categories_category_name) VALUES ("1555830643117","Fantasy");
INSERT INTO Categories_Books (Books_ISBN,Categories_category_name) VALUES ("3912188743919","Poetry");
INSERT INTO Categories_Books (Books_ISBN,Categories_category_name) VALUES ("2122899237347","Self-Help/Personal Development");
INSERT INTO Categories_Books (Books_ISBN,Categories_category_name) VALUES ("8851877475764","Self-Help/Personal Development");
INSERT INTO Categories_Books (Books_ISBN,Categories_category_name) VALUES ("1003244782399","Fantasy");
INSERT INTO Categories_Books (Books_ISBN,Categories_category_name) VALUES ("1686696014944","Memoir");
INSERT INTO Categories_Books (Books_ISBN,Categories_category_name) VALUES ("6735905556559","Comedy/Humor");
INSERT INTO Categories_Books (Books_ISBN,Categories_category_name) VALUES ("1878178615269","Crime/Noir");
INSERT INTO Categories_Books (Books_ISBN,Categories_category_name) VALUES ("8304933698781","Mystery/Thriller");
INSERT INTO Categories_Books (Books_ISBN,Categories_category_name) VALUES ("3296628768301","Dystopian");
INSERT INTO Categories_Books (Books_ISBN,Categories_category_name) VALUES ("1261936403766","Mystery/Thriller");
INSERT INTO Categories_Books (Books_ISBN,Categories_category_name) VALUES ("8347308275915","Romance");
INSERT INTO Categories_Books (Books_ISBN,Categories_category_name) VALUES ("1057192545323","Dystopian");
INSERT INTO Categories_Books (Books_ISBN,Categories_category_name) VALUES ("1250025184628","Fantasy");
INSERT INTO Categories_Books (Books_ISBN,Categories_category_name) VALUES ("4350494471445","Dystopian");
INSERT INTO Categories_Books (Books_ISBN,Categories_category_name) VALUES ("4494596985436","Dystopian");
INSERT INTO Categories_Books (Books_ISBN,Categories_category_name) VALUES ("6320921827053","Young Adult");
INSERT INTO Categories_Books (Books_ISBN,Categories_category_name) VALUES ("4208248293567","Fantasy");
INSERT INTO Categories_Books (Books_ISBN,Categories_category_name) VALUES ("9367026565403","Non-Fiction (Biography/Autobiography)");
INSERT INTO Categories_Books (Books_ISBN,Categories_category_name) VALUES ("1382601465276","Dystopian");
INSERT INTO Categories_Books (Books_ISBN,Categories_category_name) VALUES ("3039217579284","Mystery/Thriller");
INSERT INTO Categories_Books (Books_ISBN,Categories_category_name) VALUES ("5513415173415","Children's Literature");
INSERT INTO Categories_Books (Books_ISBN,Categories_category_name) VALUES ("3024420177782","Historical Fiction");
INSERT INTO Categories_Books (Books_ISBN,Categories_category_name) VALUES ("3718163957757","Horror");
INSERT INTO Categories_Books (Books_ISBN,Categories_category_name) VALUES ("1743109118338","Fantasy");
INSERT INTO Categories_Books (Books_ISBN,Categories_category_name) VALUES ("4616537110670","Horror");
INSERT INTO Categories_Books (Books_ISBN,Categories_category_name) VALUES ("5568475094527","Romance");
INSERT INTO Categories_Books (Books_ISBN,Categories_category_name) VALUES ("6538610964180","Fantasy");
INSERT INTO Categories_Books (Books_ISBN,Categories_category_name) VALUES ("7455106076120","Adventure");
INSERT INTO Categories_Books (Books_ISBN,Categories_category_name) VALUES ("9700123532167","Dystopian");
INSERT INTO Categories_Books (Books_ISBN,Categories_category_name) VALUES ("9069825692450","Fantasy");
INSERT INTO Categories_Books (Books_ISBN,Categories_category_name) VALUES ("8660676074299","Children's Literature");
INSERT INTO Categories_Books (Books_ISBN,Categories_category_name) VALUES ("4137636512616","Non-Fiction (Biography/Autobiography)");
INSERT INTO Categories_Books (Books_ISBN,Categories_category_name) VALUES ("7606552384889","Historical Fiction");
INSERT INTO Categories_Books (Books_ISBN,Categories_category_name) VALUES ("6122122701687","Young Adult");
INSERT INTO Categories_Books (Books_ISBN,Categories_category_name) VALUES ("3435284669535","Poetry");
INSERT INTO Categories_Books (Books_ISBN,Categories_category_name) VALUES ("5772357305445","Romance");
INSERT INTO Categories_Books (Books_ISBN,Categories_category_name) VALUES ("6937076781189","Memoir");
INSERT INTO Categories_Books (Books_ISBN,Categories_category_name) VALUES ("7463022218829","Dystopian");
INSERT INTO Categories_Books (Books_ISBN,Categories_category_name) VALUES ("2648058405916","Crime/Noir");
INSERT INTO Categories_Books (Books_ISBN,Categories_category_name) VALUES ("1629730416114","Historical Fiction");
INSERT INTO Categories_Books (Books_ISBN,Categories_category_name) VALUES ("5741820860103","Fantasy");
INSERT INTO Categories_Books (Books_ISBN,Categories_category_name) VALUES ("3629223760839","Horror");
INSERT INTO Categories_Books (Books_ISBN,Categories_category_name) VALUES ("7349205189047","Dystopian");
INSERT INTO Categories_Books (Books_ISBN,Categories_category_name) VALUES ("3282983356303","Comedy/Humor");
INSERT INTO Categories_Books (Books_ISBN,Categories_category_name) VALUES ("3019894802621","Memoir");
INSERT INTO Categories_Books (Books_ISBN,Categories_category_name) VALUES ("6416161019759","Adventure");
INSERT INTO Categories_Books (Books_ISBN,Categories_category_name) VALUES ("6321768833510","Adventure");
INSERT INTO Categories_Books (Books_ISBN,Categories_category_name) VALUES ("6262745923324","Science/Popular Science");
INSERT INTO Categories_Books (Books_ISBN,Categories_category_name) VALUES ("2913041662464","Comedy/Humor");
INSERT INTO Categories_Books (Books_ISBN,Categories_category_name) VALUES ("9464988227605","Young Adult");
INSERT INTO Categories_Books (Books_ISBN,Categories_category_name) VALUES ("6929090702953","Travel");
INSERT INTO Categories_Books (Books_ISBN,Categories_category_name) VALUES ("3187614326046","Mystery/Thriller");
INSERT INTO Categories_Books (Books_ISBN,Categories_category_name) VALUES ("3042167126552","Romance");
INSERT INTO Categories_Books (Books_ISBN,Categories_category_name) VALUES ("9756148088140","Science/Popular Science");
INSERT INTO Categories_Books (Books_ISBN,Categories_category_name) VALUES ("1663256918858","Travel");
INSERT INTO Categories_Books (Books_ISBN,Categories_category_name) VALUES ("6893991794140","Adventure");
INSERT INTO Categories_Books (Books_ISBN,Categories_category_name) VALUES ("3739735585374","Young Adult");
INSERT INTO Categories_Books (Books_ISBN,Categories_category_name) VALUES ("3933117729381","Paranormal/Supernatural");
INSERT INTO Categories_Books (Books_ISBN,Categories_category_name) VALUES ("2531752319740","Historical Fiction");
INSERT INTO Categories_Books (Books_ISBN,Categories_category_name) VALUES ("4483582130081","Historical Fiction");
INSERT INTO Categories_Books (Books_ISBN,Categories_category_name) VALUES ("4890166068174","Non-Fiction (Biography/Autobiography)");
INSERT INTO Categories_Books (Books_ISBN,Categories_category_name) VALUES ("7769131122181","Comedy/Humor");
INSERT INTO Categories_Books (Books_ISBN,Categories_category_name) VALUES ("2722315605532","Contemporary Fiction");
INSERT INTO Categories_Books (Books_ISBN,Categories_category_name) VALUES ("6100355284390","Non-Fiction (Biography/Autobiography)");
INSERT INTO Categories_Books (Books_ISBN,Categories_category_name) VALUES ("4821143508457","Non-Fiction (Biography/Autobiography)");
INSERT INTO Categories_Books (Books_ISBN,Categories_category_name) VALUES ("2470695749941","Young Adult");
INSERT INTO Categories_Books (Books_ISBN,Categories_category_name) VALUES ("4871347505250","Adventure");
INSERT INTO Categories_Books (Books_ISBN,Categories_category_name) VALUES ("3932505315635","Dystopian");
INSERT INTO Categories_Books (Books_ISBN,Categories_category_name) VALUES ("4377696374851","Self-Help/Personal Development");
INSERT INTO Categories_Books (Books_ISBN,Categories_category_name) VALUES ("3024469429739","Science Fiction");
INSERT INTO Categories_Books (Books_ISBN,Categories_category_name) VALUES ("1488346389335","Historical Fiction");
INSERT INTO Categories_Books (Books_ISBN,Categories_category_name) VALUES ("4550550339925","Children's Literature");
INSERT INTO Categories_Books (Books_ISBN,Categories_category_name) VALUES ("9745064130457","Fantasy");
INSERT INTO Categories_Books (Books_ISBN,Categories_category_name) VALUES ("5511424858515","Paranormal/Supernatural");
INSERT INTO Categories_Books (Books_ISBN,Categories_category_name) VALUES ("2838874590448","Mystery/Thriller");
INSERT INTO Categories_Books (Books_ISBN,Categories_category_name) VALUES ("9062503889440","Mystery/Thriller");
INSERT INTO Categories_Books (Books_ISBN,Categories_category_name) VALUES ("7362470200301","Historical Fiction");
INSERT INTO Categories_Books (Books_ISBN,Categories_category_name) VALUES ("2843190946164","Self-Help/Personal Development");
INSERT INTO Categories_Books (Books_ISBN,Categories_category_name) VALUES ("9585566563929","Adventure");
INSERT INTO Categories_Books (Books_ISBN,Categories_category_name) VALUES ("8446098598856","Science/Popular Science");
INSERT INTO Categories_Books (Books_ISBN,Categories_category_name) VALUES ("1168443347865","Self-Help/Personal Development");
INSERT INTO Categories_Books (Books_ISBN,Categories_category_name) VALUES ("6600203596803","Historical Fiction");
INSERT INTO Categories_Books (Books_ISBN,Categories_category_name) VALUES ("6664280687822","Travel");
INSERT INTO Categories_Books (Books_ISBN,Categories_category_name) VALUES ("3743557104635","Self-Help/Personal Development");
INSERT INTO Categories_Books (Books_ISBN,Categories_category_name) VALUES ("7669407037500","Adventure");
INSERT INTO Categories_Books (Books_ISBN,Categories_category_name) VALUES ("6177939335054","Dystopian");
INSERT INTO Categories_Books (Books_ISBN,Categories_category_name) VALUES ("9275573288560","Mystery/Thriller");
INSERT INTO Categories_Books (Books_ISBN,Categories_category_name) VALUES ("2164105426935","Non-Fiction (Biography/Autobiography)");
INSERT INTO Categories_Books (Books_ISBN,Categories_category_name) VALUES ("3294479293071","Poetry");
INSERT INTO Categories_Books (Books_ISBN,Categories_category_name) VALUES ("6282984287310","Dystopian");
INSERT INTO Categories_Books (Books_ISBN,Categories_category_name) VALUES ("8893479680540","Contemporary Fiction");
INSERT INTO Categories_Books (Books_ISBN,Categories_category_name) VALUES ("9107421145436","Science Fiction");
INSERT INTO Categories_Books (Books_ISBN,Categories_category_name) VALUES ("7532510387839","Paranormal/Supernatural");
INSERT INTO Categories_Books (Books_ISBN,Categories_category_name) VALUES ("7723792775412","Self-Help/Personal Development");
INSERT INTO Categories_Books (Books_ISBN,Categories_category_name) VALUES ("1590568433955","Fantasy");
INSERT INTO Categories_Books (Books_ISBN,Categories_category_name) VALUES ("2595897630345","Self-Help/Personal Development");
INSERT INTO Categories_Books (Books_ISBN,Categories_category_name) VALUES ("2344284101340","Comedy/Humor");
INSERT INTO Categories_Books (Books_ISBN,Categories_category_name) VALUES ("8502221090747","Poetry");
INSERT INTO Categories_Books (Books_ISBN,Categories_category_name) VALUES ("6094716426570","Horror");
INSERT INTO Categories_Books (Books_ISBN,Categories_category_name) VALUES ("8351260072134","Dystopian");
INSERT INTO Categories_Books (Books_ISBN,Categories_category_name) VALUES ("5108507254223","Adventure");
INSERT INTO Categories_Books (Books_ISBN,Categories_category_name) VALUES ("1359909924897","Memoir");
INSERT INTO Categories_Books (Books_ISBN,Categories_category_name) VALUES ("6317951063018","Mystery/Thriller");
INSERT INTO Categories_Books (Books_ISBN,Categories_category_name) VALUES ("6850838351963","Young Adult");
INSERT INTO Categories_Books (Books_ISBN,Categories_category_name) VALUES ("9680410744593","Romance");
INSERT INTO Categories_Books (Books_ISBN,Categories_category_name) VALUES ("5612193079777","Crime/Noir");

INSERT INTO Categories_Books (Books_ISBN,Categories_category_name) VALUES ("7776790190029","Paranormal/Supernatural");
INSERT INTO Categories_Books (Books_ISBN,Categories_category_name) VALUES ("1710475945045","Science Fiction");
INSERT INTO Categories_Books (Books_ISBN,Categories_category_name) VALUES ("9549180827234","Adventure");
INSERT INTO Categories_Books (Books_ISBN,Categories_category_name) VALUES ("7298469024260","Self-Help/Personal Development");
INSERT INTO Categories_Books (Books_ISBN,Categories_category_name) VALUES ("4843601077779","Memoir");
INSERT INTO Categories_Books (Books_ISBN,Categories_category_name) VALUES ("3450298972278","Historical Fiction");
INSERT INTO Categories_Books (Books_ISBN,Categories_category_name) VALUES ("3457931777651","Science Fiction");
INSERT INTO Categories_Books (Books_ISBN,Categories_category_name) VALUES ("2669693465209","Memoir");
INSERT INTO Categories_Books (Books_ISBN,Categories_category_name) VALUES ("3585150118155","Comedy/Humor");
INSERT INTO Categories_Books (Books_ISBN,Categories_category_name) VALUES ("2736498861273","Science Fiction");
INSERT INTO Categories_Books (Books_ISBN,Categories_category_name) VALUES ("2300214726907","Adventure");
INSERT INTO Categories_Books (Books_ISBN,Categories_category_name) VALUES ("6809733472810","Dystopian");
INSERT INTO Categories_Books (Books_ISBN,Categories_category_name) VALUES ("7223840120308","Self-Help/Personal Development");
INSERT INTO Categories_Books (Books_ISBN,Categories_category_name) VALUES ("6563847402146","Memoir");
INSERT INTO Categories_Books (Books_ISBN,Categories_category_name) VALUES ("4598808979388","Mystery/Thriller");
INSERT INTO Categories_Books (Books_ISBN,Categories_category_name) VALUES ("8788824449030","Romance");
INSERT INTO Categories_Books (Books_ISBN,Categories_category_name) VALUES ("2096335466435","Fantasy");
INSERT INTO Categories_Books (Books_ISBN,Categories_category_name) VALUES ("2640737815720","Fantasy");
INSERT INTO Categories_Books (Books_ISBN,Categories_category_name) VALUES ("6862061717290","Fantasy");
INSERT INTO Categories_Books (Books_ISBN,Categories_category_name) VALUES ("2107545240552","Self-Help/Personal Development");
INSERT INTO Categories_Books (Books_ISBN,Categories_category_name) VALUES ("4902267744847","Science Fiction");
INSERT INTO Categories_Books (Books_ISBN,Categories_category_name) VALUES ("3508121487314","Children's Literature");
INSERT INTO Categories_Books (Books_ISBN,Categories_category_name) VALUES ("2603946816068","Poetry");
INSERT INTO Categories_Books (Books_ISBN,Categories_category_name) VALUES ("9611120951947","Paranormal/Supernatural");
INSERT INTO Categories_Books (Books_ISBN,Categories_category_name) VALUES ("6300458043153","Poetry");
INSERT INTO Categories_Books (Books_ISBN,Categories_category_name) VALUES ("6121968691639","Science Fiction");
INSERT INTO Categories_Books (Books_ISBN,Categories_category_name) VALUES ("3197762946429","Romance");
INSERT INTO Categories_Books (Books_ISBN,Categories_category_name) VALUES ("6852096697962","Memoir");
INSERT INTO Categories_Books (Books_ISBN,Categories_category_name) VALUES ("4575733290689","Historical Fiction");
INSERT INTO Categories_Books (Books_ISBN,Categories_category_name) VALUES ("6061995270775","Comedy/Humor");
INSERT INTO Categories_Books (Books_ISBN,Categories_category_name) VALUES ("2612523949317","Historical Fiction");
INSERT INTO Categories_Books (Books_ISBN,Categories_category_name) VALUES ("6576520688037","Adventure");
INSERT INTO Categories_Books (Books_ISBN,Categories_category_name) VALUES ("5258784992626","Science Fiction");
INSERT INTO Categories_Books (Books_ISBN,Categories_category_name) VALUES ("4235357329612","Paranormal/Supernatural");
INSERT INTO Categories_Books (Books_ISBN,Categories_category_name) VALUES ("1580622582197","Memoir");
INSERT INTO Categories_Books (Books_ISBN,Categories_category_name) VALUES ("5576960500855","Paranormal/Supernatural");
